invoice_id,account_id,subscription_id,invoice_number,invoice_date,due_date,service_period_start,service_period_end,currency_code,subtotal_local,tax_local,total_local,total_eur,invoice_status,paid_date
invoice_00000001,account_00000001,subscription_00000001,INV-202501-0000001,2025-01-10,2025-01-13,2025-01-01,2025-01-31,EUR,51.0,10.71,61.71,61.71,paid,2025-01-10
invoice_00000002,account_00000001,subscription_00000001,INV-202502-0000002,2025-02-01,2025-02-04,2025-02-01,2025-02-28,EUR,51.0,10.71,61.71,61.71,paid,2025-02-01
invoice_00000003,account_00000001,subscription_00000001,INV-202503-0000003,2025-03-01,2025-03-04,2025-03-01,2025-03-31,EUR,51.0,10.71,61.71,61.71,paid,2025-03-01
invoice_00000004,account_00000001,subscription_00000001,INV-202504-0000004,2025-04-01,2025-04-04,2025-04-01,2025-04-30,EUR,55.08,11.57,66.65,66.65,paid,2025-04-01
invoice_00000005,account_00000001,subscription_00000001,INV-202505-0000005,2025-05-01,2025-05-04,2025-05-01,2025-05-31,EUR,55.08,11.57,66.65,66.65,paid,2025-05-01
invoice_00000006,account_00000001,subscription_00000001,INV-202506-0000006,2025-06-01,2025-06-04,2025-06-01,2025-06-30,EUR,234.08,49.16,283.24,283.24,paid,2025-06-01
invoice_00000007,account_00000001,subscription_00000001,INV-202507-0000007,2025-07-01,2025-07-04,2025-07-01,2025-07-31,EUR,234.08,49.16,283.24,283.24,paid,2025-07-01
invoice_00000008,account_00000001,subscription_00000001,INV-202508-0000008,2025-08-01,2025-08-04,2025-08-01,2025-08-31,EUR,234.08,49.16,283.24,283.24,paid,2025-08-01
invoice_00000009,account_00000001,subscription_00000001,INV-202509-0000009,2025-09-01,2025-09-04,2025-09-01,2025-09-30,EUR,234.08,49.16,283.24,283.24,paid,2025-09-01
invoice_00000010,account_00000001,subscription_00000001,INV-202510-0000010,2025-10-01,2025-10-04,2025-10-01,2025-10-31,EUR,234.08,49.16,283.24,283.24,paid,2025-10-01
invoice_00000011,account_00000001,subscription_00000001,INV-202511-0000011,2025-11-01,2025-11-04,2025-11-01,2025-11-30,EUR,234.08,49.16,283.24,283.24,paid,2025-11-09
invoice_00000012,account_00000001,subscription_00000001,INV-202512-0000012,2025-12-01,2025-12-04,2025-12-01,2025-12-31,EUR,234.08,49.16,283.24,283.24,paid,2025-12-01
invoice_00000013,account_00000001,subscription_00000001,INV-202601-0000013,2026-01-01,2026-01-04,2026-01-01,2026-01-31,EUR,234.08,49.16,283.24,283.24,paid,2026-01-01
invoice_00000014,account_00000001,subscription_00000001,INV-202602-0000014,2026-02-01,2026-02-04,2026-02-01,2026-02-28,EUR,234.08,49.16,283.24,283.24,paid,2026-02-01
invoice_00000015,account_00000001,subscription_00000001,INV-202603-0000015,2026-03-01,2026-03-04,2026-03-01,2026-03-31,EUR,234.08,49.16,283.24,283.24,paid,2026-03-01
invoice_00000016,account_00000001,subscription_00000001,INV-202604-0000016,2026-04-01,2026-04-04,2026-04-01,2026-04-30,EUR,234.08,49.16,283.24,283.24,paid,2026-04-01
invoice_00000017,account_00000001,subscription_00000001,INV-202605-0000017,2026-05-01,2026-05-04,2026-05-01,2026-05-31,EUR,234.08,49.16,283.24,283.24,paid,2026-05-01
invoice_00000018,account_00000001,subscription_00000001,INV-202606-0000018,2026-06-01,2026-06-04,2026-06-01,2026-06-30,EUR,234.08,49.16,283.24,283.24,paid,2026-06-01
invoice_00000019,account_00000002,subscription_00000002,INV-202603-0000019,2026-03-30,2026-04-02,2026-03-01,2026-03-31,EUR,42.12,8.85,50.97,50.97,paid,2026-03-30
invoice_00000020,account_00000002,subscription_00000002,INV-202604-0000020,2026-04-01,2026-04-04,2026-04-01,2026-04-30,EUR,42.12,8.85,50.97,50.97,overdue,
invoice_00000021,account_00000002,subscription_00000002,INV-202605-0000021,2026-05-01,2026-05-04,2026-05-01,2026-05-31,EUR,42.12,8.85,50.97,50.97,paid,2026-05-01
invoice_00000022,account_00000002,subscription_00000002,INV-202606-0000022,2026-06-01,2026-06-04,2026-06-01,2026-06-30,EUR,42.12,8.85,50.97,50.97,overdue,
invoice_00000023,account_00000004,subscription_00000003,INV-202405-0000023,2024-05-28,2024-05-31,2024-05-01,2025-04-30,NOK,19797.0,4949.25,24746.25,2152.5,paid,2024-05-28
invoice_00000024,account_00000004,subscription_00000003,INV-202505-0000024,2025-05-01,2025-05-04,2025-05-01,2026-04-30,NOK,30400.44,7600.11,38000.55,2986.2,paid,2025-05-01
invoice_00000025,account_00000004,subscription_00000003,INV-202605-0000025,2026-05-01,2026-05-04,2026-05-01,2026-06-30,NOK,32486.04,8121.51,40607.55,2986.2,overdue,
invoice_00000026,account_00000008,subscription_00000004,INV-202512-0000026,2025-12-22,2025-12-25,2025-12-01,2025-12-31,EUR,40.01,9.2,49.21,49.21,paid,2025-12-22
invoice_00000027,account_00000008,subscription_00000004,INV-202601-0000027,2026-01-01,2026-01-04,2026-01-01,2026-01-31,EUR,40.01,9.2,49.21,49.21,paid,2026-01-01
invoice_00000028,account_00000008,subscription_00000004,INV-202602-0000028,2026-02-01,2026-02-04,2026-02-01,2026-02-28,EUR,40.01,9.2,49.21,49.21,paid,2026-02-01
invoice_00000029,account_00000008,subscription_00000004,INV-202603-0000029,2026-03-01,2026-03-04,2026-03-01,2026-03-31,EUR,40.01,9.2,49.21,49.21,paid,2026-03-01
invoice_00000030,account_00000008,subscription_00000004,INV-202604-0000030,2026-04-01,2026-04-04,2026-04-01,2026-04-30,EUR,40.01,9.2,49.21,49.21,paid,2026-04-01
invoice_00000031,account_00000008,subscription_00000004,INV-202605-0000031,2026-05-01,2026-05-04,2026-05-01,2026-05-31,EUR,40.01,9.2,49.21,49.21,paid,2026-05-01
invoice_00000032,account_00000008,subscription_00000004,INV-202606-0000032,2026-06-01,2026-06-04,2026-06-01,2026-06-30,EUR,40.01,9.2,49.21,49.21,paid,2026-06-01
invoice_00000033,account_00000009,subscription_00000005,INV-202503-0000033,2025-03-26,2025-03-29,2025-03-01,2025-03-31,EUR,243.0,51.03,294.03,294.03,paid,2025-03-26
invoice_00000034,account_00000009,subscription_00000005,INV-202504-0000034,2025-04-01,2025-04-04,2025-04-01,2025-04-30,EUR,262.44,55.11,317.55,317.55,paid,2025-04-01
invoice_00000035,account_00000009,subscription_00000005,INV-202505-0000035,2025-05-01,2025-05-04,2025-05-01,2025-05-31,EUR,262.44,55.11,317.55,317.55,paid,2025-05-01
invoice_00000036,account_00000009,subscription_00000005,INV-202506-0000036,2025-06-01,2025-06-04,2025-06-01,2025-06-30,EUR,262.44,55.11,317.55,317.55,overdue,
invoice_00000037,account_00000013,subscription_00000006,INV-202407-0000037,2024-07-23,2024-07-26,2024-07-01,2025-06-30,EUR,10247.4,2151.95,12399.35,12399.35,paid,2024-07-23
invoice_00000038,account_00000013,subscription_00000006,INV-202507-0000038,2025-07-01,2025-07-04,2025-07-01,2026-06-30,EUR,17630.04,3702.31,21332.35,21332.35,paid,2025-07-01
invoice_00000039,account_00000019,subscription_00000007,INV-202603-0000039,2026-03-27,2026-04-26,2026-03-01,2026-03-31,EUR,11909.81,2501.06,14410.87,14410.87,paid,2026-03-27
invoice_00000040,account_00000019,subscription_00000007,INV-202604-0000040,2026-04-01,2026-05-01,2026-04-01,2026-04-30,EUR,11909.81,2501.06,14410.87,14410.87,paid,2026-04-01
invoice_00000041,account_00000019,subscription_00000007,INV-202605-0000041,2026-05-01,2026-05-31,2026-05-01,2026-05-31,EUR,11909.81,2501.06,14410.87,14410.87,paid,2026-05-01
invoice_00000042,account_00000019,subscription_00000007,INV-202606-0000042,2026-06-01,2026-07-01,2026-06-01,2026-06-30,EUR,11909.81,2501.06,14410.87,14410.87,paid,2026-06-01
invoice_00000043,account_00000022,subscription_00000008,INV-202406-0000043,2024-06-02,2024-06-05,2024-06-01,2024-06-30,SEK,1913.65,478.41,2392.06,213.75,paid,2024-06-02
invoice_00000044,account_00000022,subscription_00000008,INV-202407-0000044,2024-07-01,2024-07-04,2024-07-01,2024-07-31,SEK,1930.72,482.68,2413.4,213.75,paid,2024-07-01
invoice_00000045,account_00000022,subscription_00000008,INV-202408-0000045,2024-08-01,2024-08-04,2024-08-01,2024-08-31,SEK,1959.48,489.87,2449.35,213.75,paid,2024-08-01
invoice_00000046,account_00000022,subscription_00000008,INV-202409-0000046,2024-09-01,2024-09-04,2024-09-01,2024-09-30,SEK,2005.75,501.44,2507.19,213.75,paid,2024-09-01
invoice_00000047,account_00000022,subscription_00000008,INV-202410-0000047,2024-10-01,2024-10-04,2024-10-01,2024-10-31,SEK,2045.38,511.35,2556.73,213.75,paid,2024-10-01
invoice_00000048,account_00000022,subscription_00000008,INV-202411-0000048,2024-11-01,2024-11-04,2024-11-01,2024-11-30,SEK,1954.82,488.7,2443.53,213.75,paid,2024-11-01
invoice_00000049,account_00000022,subscription_00000008,INV-202412-0000049,2024-12-01,2024-12-04,2024-12-01,2024-12-31,SEK,3121.68,780.42,3902.1,337.5,paid,2024-12-01
invoice_00000050,account_00000022,subscription_00000008,INV-202501-0000050,2025-01-01,2025-01-04,2025-01-01,2025-01-31,SEK,3092.39,773.1,3865.49,337.5,paid,2025-01-01
invoice_00000051,account_00000022,subscription_00000008,INV-202502-0000051,2025-02-01,2025-02-04,2025-02-01,2025-02-28,SEK,3137.75,784.44,3922.19,337.5,paid,2025-02-01
invoice_00000052,account_00000022,subscription_00000008,INV-202503-0000052,2025-03-01,2025-03-04,2025-03-01,2025-03-31,SEK,3175.05,793.76,3968.81,337.5,paid,2025-03-01
invoice_00000053,account_00000022,subscription_00000008,INV-202504-0000053,2025-04-01,2025-04-04,2025-04-01,2025-04-30,SEK,3394.57,848.64,4243.21,364.5,paid,2025-04-01
invoice_00000054,account_00000022,subscription_00000008,INV-202505-0000054,2025-05-01,2025-05-04,2025-05-01,2025-05-31,SEK,3370.94,842.74,4213.68,364.5,paid,2025-05-01
invoice_00000055,account_00000022,subscription_00000008,INV-202506-0000055,2025-06-01,2025-06-04,2025-06-01,2025-06-30,SEK,3289.79,822.45,4112.24,364.5,paid,2025-06-01
invoice_00000056,account_00000022,subscription_00000008,INV-202507-0000056,2025-07-01,2025-07-04,2025-07-01,2025-07-31,SEK,3300.17,825.04,4125.21,364.5,paid,2025-07-01
invoice_00000057,account_00000022,subscription_00000008,INV-202508-0000057,2025-08-01,2025-08-04,2025-08-01,2025-08-31,SEK,3345.34,836.34,4181.68,364.5,paid,2025-08-01
invoice_00000058,account_00000022,subscription_00000008,INV-202509-0000058,2025-09-01,2025-09-04,2025-09-01,2025-09-30,SEK,3389.95,847.49,4237.44,364.5,paid,2025-09-01
invoice_00000059,account_00000022,subscription_00000008,INV-202510-0000059,2025-10-01,2025-10-04,2025-10-01,2025-10-31,SEK,3478.01,869.5,4347.51,364.5,paid,2025-10-01
invoice_00000060,account_00000022,subscription_00000008,INV-202511-0000060,2025-11-01,2025-11-04,2025-11-01,2025-11-30,SEK,3500.94,875.24,4376.18,364.5,paid,2025-11-01
invoice_00000061,account_00000022,subscription_00000008,INV-202512-0000061,2025-12-01,2025-12-04,2025-12-01,2025-12-31,SEK,3432.77,858.19,4290.96,364.5,paid,2025-12-01
invoice_00000062,account_00000022,subscription_00000008,INV-202601-0000062,2026-01-01,2026-01-04,2026-01-01,2026-01-31,SEK,3384.05,846.01,4230.06,364.5,paid,2026-01-01
invoice_00000063,account_00000022,subscription_00000008,INV-202602-0000063,2026-02-01,2026-02-04,2026-02-01,2026-02-28,SEK,3331.05,832.76,4163.81,364.5,paid,2026-02-01
invoice_00000064,account_00000022,subscription_00000008,INV-202603-0000064,2026-03-01,2026-03-04,2026-03-01,2026-03-31,SEK,4253.28,1063.32,5316.6,467.1,paid,2026-03-03
invoice_00000065,account_00000022,subscription_00000008,INV-202604-0000065,2026-04-01,2026-04-04,2026-04-01,2026-04-30,SEK,4187.59,1046.9,5234.49,467.1,paid,2026-04-01
invoice_00000066,account_00000022,subscription_00000008,INV-202605-0000066,2026-05-01,2026-05-04,2026-05-01,2026-05-31,SEK,4219.37,1054.84,5274.21,467.1,paid,2026-05-01
invoice_00000067,account_00000022,subscription_00000008,INV-202606-0000067,2026-06-01,2026-06-04,2026-06-01,2026-06-30,SEK,4212.95,1053.24,5266.19,467.1,paid,2026-06-01
invoice_00000068,account_00000023,subscription_00000009,INV-202407-0000068,2024-07-13,2024-07-16,2024-07-01,2025-06-30,EUR,1307.64,248.45,1556.09,1556.09,paid,2024-07-13
invoice_00000069,account_00000023,subscription_00000009,INV-202507-0000069,2025-07-01,2025-07-04,2025-07-01,2026-06-30,EUR,1216.44,231.12,1447.56,1447.56,paid,2025-07-01
invoice_00000070,account_00000024,subscription_00000010,INV-202507-0000070,2025-07-02,2025-07-05,2025-07-01,2026-06-30,CZK,266812.32,56030.59,322842.91,13169.41,paid,2025-07-02
invoice_00000071,account_00000035,subscription_00000011,INV-202412-0000071,2024-12-27,2024-12-30,2024-12-01,2024-12-31,CHF,242.94,19.68,262.62,271.34,paid,2024-12-27
invoice_00000072,account_00000035,subscription_00000011,INV-202501-0000072,2025-01-01,2025-01-04,2025-01-01,2025-01-31,CHF,244.61,19.81,264.42,271.33,paid,2025-01-01
invoice_00000073,account_00000035,subscription_00000011,INV-202502-0000073,2025-02-01,2025-02-04,2025-02-01,2025-02-28,CHF,243.03,19.69,262.72,271.34,paid,2025-02-01
invoice_00000074,account_00000035,subscription_00000011,INV-202503-0000074,2025-03-01,2025-03-04,2025-03-01,2025-03-31,CHF,241.01,19.52,260.53,271.33,paid,2025-03-01
invoice_00000075,account_00000035,subscription_00000011,INV-202504-0000075,2025-04-01,2025-04-04,2025-04-01,2025-04-30,CHF,261.83,21.21,283.04,293.03,paid,2025-04-01
invoice_00000076,account_00000035,subscription_00000011,INV-202505-0000076,2025-05-01,2025-05-04,2025-05-01,2025-05-31,CHF,264.04,21.39,285.43,293.04,paid,2025-05-01
invoice_00000077,account_00000035,subscription_00000011,INV-202506-0000077,2025-06-01,2025-06-04,2025-06-01,2025-06-30,CHF,268.63,21.76,290.39,293.04,paid,2025-06-01
invoice_00000078,account_00000035,subscription_00000011,INV-202507-0000078,2025-07-01,2025-07-04,2025-07-01,2025-07-31,CHF,264.9,21.46,286.36,293.04,paid,2025-07-01
invoice_00000079,account_00000035,subscription_00000011,INV-202508-0000079,2025-08-01,2025-08-04,2025-08-01,2025-08-31,CHF,266.37,21.58,287.95,293.04,paid,2025-08-01
invoice_00000080,account_00000035,subscription_00000011,INV-202509-0000080,2025-09-01,2025-09-04,2025-09-01,2025-09-30,CHF,274.2,22.21,296.41,293.03,paid,2025-09-01
invoice_00000081,account_00000035,subscription_00000011,INV-202510-0000081,2025-10-01,2025-10-04,2025-10-01,2025-10-31,CHF,270.34,21.9,292.24,293.04,paid,2025-10-01
invoice_00000082,account_00000035,subscription_00000011,INV-202511-0000082,2025-11-01,2025-11-04,2025-11-01,2025-11-30,CHF,262.55,21.27,283.82,293.04,paid,2025-11-01
invoice_00000083,account_00000035,subscription_00000011,INV-202512-0000083,2025-12-01,2025-12-04,2025-12-01,2025-12-31,CHF,266.06,21.55,287.61,293.03,paid,2025-12-01
invoice_00000084,account_00000035,subscription_00000011,INV-202601-0000084,2026-01-01,2026-01-04,2026-01-01,2026-01-31,CHF,272.95,22.11,295.06,293.04,paid,2026-01-01
invoice_00000085,account_00000035,subscription_00000011,INV-202602-0000085,2026-02-01,2026-02-04,2026-02-01,2026-02-28,CHF,265.29,21.49,286.78,293.04,paid,2026-02-01
invoice_00000086,account_00000035,subscription_00000011,INV-202603-0000086,2026-03-01,2026-03-04,2026-03-01,2026-03-31,CHF,261.74,21.2,282.94,293.04,paid,2026-03-01
invoice_00000087,account_00000035,subscription_00000011,INV-202604-0000087,2026-04-01,2026-04-04,2026-04-01,2026-04-30,CHF,258.19,20.91,279.1,293.04,paid,2026-04-01
invoice_00000088,account_00000035,subscription_00000011,INV-202605-0000088,2026-05-01,2026-05-04,2026-05-01,2026-05-31,CHF,255.79,20.72,276.51,293.04,paid,2026-05-01
invoice_00000089,account_00000035,subscription_00000011,INV-202606-0000089,2026-06-01,2026-06-04,2026-06-01,2026-06-30,CHF,253.66,20.55,274.21,293.04,paid,2026-06-01
invoice_00000090,account_00000039,subscription_00000012,INV-202606-0000090,2026-06-26,2026-06-29,2026-06-01,2026-06-30,EUR,72581.76,13790.53,86372.29,86372.29,paid,2026-06-26
invoice_00000091,account_00000040,subscription_00000013,INV-202511-0000091,2025-11-15,2025-11-18,2025-11-01,2026-06-30,EUR,967.92,193.58,1161.5,1161.5,paid,2025-11-15
invoice_00000092,account_00000043,subscription_00000014,INV-202603-0000092,2026-03-11,2026-03-14,2026-03-01,2026-06-30,EUR,2917.68,583.54,3501.22,3501.22,paid,2026-03-11
invoice_00000093,account_00000044,subscription_00000015,INV-202404-0000093,2024-04-24,2024-04-27,2024-04-01,2025-03-31,EUR,1540.68,323.54,1864.22,1864.22,paid,2024-04-24
invoice_00000094,account_00000044,subscription_00000015,INV-202504-0000094,2025-04-01,2025-04-04,2025-04-01,2026-03-31,EUR,6696.48,1406.26,8102.74,8102.74,paid,2025-04-05
invoice_00000095,account_00000044,subscription_00000015,INV-202604-0000095,2026-04-01,2026-04-04,2026-04-01,2026-06-30,EUR,6696.48,1406.26,8102.74,8102.74,paid,2026-04-01
invoice_00000096,account_00000047,subscription_00000016,INV-202505-0000096,2025-05-22,2025-06-21,2025-05-01,2025-05-31,EUR,145.8,29.16,174.96,174.96,paid,2025-05-22
invoice_00000097,account_00000047,subscription_00000016,INV-202506-0000097,2025-06-01,2025-07-01,2025-06-01,2025-06-30,EUR,145.8,29.16,174.96,174.96,paid,2025-06-01
invoice_00000098,account_00000047,subscription_00000016,INV-202507-0000098,2025-07-01,2025-07-31,2025-07-01,2025-07-31,EUR,132.84,26.57,159.41,159.41,paid,2025-07-01
invoice_00000099,account_00000047,subscription_00000016,INV-202508-0000099,2025-08-01,2025-08-31,2025-08-01,2025-08-31,EUR,132.84,26.57,159.41,159.41,paid,2025-08-01
invoice_00000100,account_00000047,subscription_00000016,INV-202509-0000100,2025-09-01,2025-10-01,2025-09-01,2025-09-30,EUR,145.8,29.16,174.96,174.96,paid,2025-09-01
invoice_00000101,account_00000047,subscription_00000016,INV-202510-0000101,2025-10-01,2025-10-31,2025-10-01,2025-10-31,EUR,145.8,29.16,174.96,174.96,paid,2025-10-01
invoice_00000102,account_00000047,subscription_00000016,INV-202511-0000102,2025-11-01,2025-12-01,2025-11-01,2025-11-30,EUR,145.8,29.16,174.96,174.96,paid,2025-11-01
invoice_00000103,account_00000047,subscription_00000016,INV-202512-0000103,2025-12-01,2025-12-31,2025-12-01,2025-12-31,EUR,145.8,29.16,174.96,174.96,paid,2025-12-01
invoice_00000104,account_00000047,subscription_00000016,INV-202601-0000104,2026-01-01,2026-01-31,2026-01-01,2026-01-31,EUR,145.8,29.16,174.96,174.96,paid,2026-01-01
invoice_00000105,account_00000047,subscription_00000016,INV-202602-0000105,2026-02-01,2026-03-03,2026-02-01,2026-02-28,EUR,145.8,29.16,174.96,174.96,paid,2026-02-01
invoice_00000106,account_00000047,subscription_00000016,INV-202603-0000106,2026-03-01,2026-03-31,2026-03-01,2026-03-31,EUR,145.8,29.16,174.96,174.96,paid,2026-03-01
invoice_00000107,account_00000047,subscription_00000016,INV-202604-0000107,2026-04-01,2026-05-01,2026-04-01,2026-04-30,EUR,145.8,29.16,174.96,174.96,paid,2026-04-01
invoice_00000108,account_00000047,subscription_00000016,INV-202605-0000108,2026-05-01,2026-05-31,2026-05-01,2026-05-31,EUR,145.8,29.16,174.96,174.96,paid,2026-05-01
invoice_00000109,account_00000047,subscription_00000016,INV-202606-0000109,2026-06-01,2026-07-01,2026-06-01,2026-06-30,EUR,145.8,29.16,174.96,174.96,paid,2026-06-01
invoice_00000110,account_00000051,subscription_00000017,INV-202505-0000110,2025-05-20,2025-05-23,2025-05-01,2026-04-30,EUR,1052.04,210.41,1262.45,1262.45,paid,2025-05-20
invoice_00000111,account_00000051,subscription_00000017,INV-202605-0000111,2026-05-01,2026-05-04,2026-05-01,2026-06-30,EUR,1052.04,210.41,1262.45,1262.45,paid,2026-05-01
invoice_00000112,account_00000056,subscription_00000018,INV-202504-0000112,2025-04-19,2025-04-22,2025-04-01,2026-03-31,EUR,18008.76,3421.66,21430.42,21430.42,paid,2025-04-19
invoice_00000113,account_00000056,subscription_00000018,INV-202604-0000113,2026-04-01,2026-04-04,2026-04-01,2026-06-30,EUR,38411.76,7298.23,45709.99,45709.99,paid,2026-04-01
invoice_00000114,account_00000069,subscription_00000019,INV-202404-0000114,2024-04-28,2024-05-01,2024-04-01,2025-03-31,EUR,5424.0,1084.8,6508.8,6508.8,paid,2024-04-28
invoice_00000115,account_00000069,subscription_00000019,INV-202504-0000115,2025-04-01,2025-04-04,2025-04-01,2026-03-31,EUR,6387.12,1277.42,7664.54,7664.54,paid,2025-04-01
invoice_00000116,account_00000069,subscription_00000019,INV-202604-0000116,2026-04-01,2026-04-04,2026-04-01,2026-06-30,EUR,7226.88,1445.38,8672.26,8672.26,paid,2026-04-01
invoice_00000117,account_00000079,subscription_00000020,INV-202510-0000117,2025-10-28,2025-10-31,2025-10-01,2026-06-30,SEK,200398.44,50099.61,250498.05,21002.01,paid,2025-10-28
invoice_00000118,account_00000080,subscription_00000021,INV-202509-0000118,2025-09-25,2025-09-28,2025-09-01,2026-06-30,EUR,254215.08,50843.02,305058.1,305058.1,paid,2025-09-25
invoice_00000119,account_00000083,subscription_00000022,INV-202408-0000119,2024-08-31,2024-09-03,2024-08-01,2024-08-31,GBP,213.69,42.74,256.43,301.2,paid,2024-08-31
invoice_00000120,account_00000083,subscription_00000022,INV-202409-0000120,2024-09-01,2024-09-04,2024-09-01,2024-09-30,GBP,206.48,41.3,247.78,301.2,paid,2024-09-01
invoice_00000121,account_00000083,subscription_00000022,INV-202410-0000121,2024-10-01,2024-10-04,2024-10-01,2024-10-31,GBP,208.66,41.73,250.39,301.2,paid,2024-10-01
invoice_00000122,account_00000083,subscription_00000022,INV-202411-0000122,2024-11-01,2024-11-04,2024-11-01,2024-11-30,GBP,206.79,41.36,248.15,301.2,paid,2024-11-03
invoice_00000123,account_00000083,subscription_00000022,INV-202412-0000123,2024-12-01,2024-12-04,2024-12-01,2024-12-31,GBP,205.22,41.04,246.26,301.21,paid,2024-12-01
invoice_00000124,account_00000083,subscription_00000022,INV-202501-0000124,2025-01-01,2025-01-04,2025-01-01,2025-01-31,GBP,208.08,41.62,249.7,301.2,paid,2025-01-01
invoice_00000125,account_00000083,subscription_00000022,INV-202502-0000125,2025-02-01,2025-02-04,2025-02-01,2025-02-28,GBP,210.35,42.07,252.42,301.2,paid,2025-02-01
invoice_00000126,account_00000083,subscription_00000022,INV-202503-0000126,2025-03-01,2025-03-04,2025-03-01,2025-03-31,GBP,209.72,41.94,251.66,301.2,paid,2025-03-01
invoice_00000127,account_00000083,subscription_00000022,INV-202504-0000127,2025-04-01,2025-04-04,2025-04-01,2025-04-30,GBP,229.96,45.99,275.95,325.3,paid,2025-04-01
invoice_00000128,account_00000083,subscription_00000022,INV-202505-0000128,2025-05-01,2025-05-04,2025-05-01,2025-05-31,GBP,230.07,46.01,276.08,325.3,paid,2025-05-01
invoice_00000129,account_00000083,subscription_00000022,INV-202506-0000129,2025-06-01,2025-06-04,2025-06-01,2025-06-30,GBP,232.42,46.48,278.9,325.3,paid,2025-06-01
invoice_00000130,account_00000083,subscription_00000022,INV-202507-0000130,2025-07-01,2025-07-04,2025-07-01,2025-07-31,GBP,229.94,45.99,275.93,325.3,paid,2025-07-01
invoice_00000131,account_00000083,subscription_00000022,INV-202508-0000131,2025-08-01,2025-08-04,2025-08-01,2025-08-31,GBP,232.33,46.47,278.8,325.29,paid,2025-08-01
invoice_00000132,account_00000083,subscription_00000022,INV-202509-0000132,2025-09-01,2025-09-04,2025-09-01,2025-09-30,GBP,234.62,46.92,281.54,325.3,paid,2025-09-01
invoice_00000133,account_00000083,subscription_00000022,INV-202510-0000133,2025-10-01,2025-10-04,2025-10-01,2025-10-31,GBP,238.69,47.74,286.43,325.29,paid,2025-10-01
invoice_00000134,account_00000083,subscription_00000022,INV-202511-0000134,2025-11-01,2025-11-04,2025-11-01,2025-11-30,GBP,233.62,46.72,280.34,325.3,paid,2025-11-01
invoice_00000135,account_00000083,subscription_00000022,INV-202512-0000135,2025-12-01,2025-12-04,2025-12-01,2025-12-31,GBP,228.68,45.74,274.42,325.29,paid,2025-12-01
invoice_00000136,account_00000083,subscription_00000022,INV-202601-0000136,2026-01-01,2026-01-04,2026-01-01,2026-01-31,GBP,229.13,45.83,274.96,325.3,paid,2026-01-01
invoice_00000137,account_00000083,subscription_00000022,INV-202602-0000137,2026-02-01,2026-02-04,2026-02-01,2026-02-28,GBP,228.78,45.76,274.54,325.3,paid,2026-02-01
invoice_00000138,account_00000083,subscription_00000022,INV-202603-0000138,2026-03-01,2026-03-04,2026-03-01,2026-03-31,GBP,231.92,46.38,278.3,325.29,paid,2026-03-01
invoice_00000139,account_00000083,subscription_00000022,INV-202604-0000139,2026-04-01,2026-04-04,2026-04-01,2026-04-30,GBP,232.14,46.43,278.57,325.3,paid,2026-04-01
invoice_00000140,account_00000083,subscription_00000022,INV-202605-0000140,2026-05-01,2026-05-04,2026-05-01,2026-05-31,GBP,232.49,46.5,278.99,325.29,paid,2026-05-01
invoice_00000141,account_00000083,subscription_00000022,INV-202606-0000141,2026-06-01,2026-06-04,2026-06-01,2026-06-30,GBP,237.63,47.53,285.16,325.29,overdue,
invoice_00000142,account_00000085,subscription_00000023,INV-202403-0000142,2024-03-07,2024-03-10,2024-03-01,2025-02-28,EUR,642.6,122.09,764.69,764.69,paid,2024-03-07
invoice_00000143,account_00000085,subscription_00000023,INV-202503-0000143,2025-03-01,2025-03-04,2025-03-01,2025-04-30,EUR,765.0,145.35,910.35,910.35,paid,2025-03-01
invoice_00000144,account_00000086,subscription_00000024,INV-202512-0000144,2025-12-29,2026-01-01,2025-12-01,2025-12-31,EUR,42.12,9.27,51.39,51.39,paid,2025-12-29
invoice_00000145,account_00000086,subscription_00000024,INV-202601-0000145,2026-01-01,2026-01-04,2026-01-01,2026-01-31,EUR,42.12,9.27,51.39,51.39,paid,2026-01-01
invoice_00000146,account_00000086,subscription_00000024,INV-202602-0000146,2026-02-01,2026-02-04,2026-02-01,2026-02-28,EUR,42.12,9.27,51.39,51.39,paid,2026-02-01
invoice_00000147,account_00000086,subscription_00000024,INV-202603-0000147,2026-03-01,2026-03-04,2026-03-01,2026-03-31,EUR,42.12,9.27,51.39,51.39,paid,2026-03-05
invoice_00000148,account_00000086,subscription_00000024,INV-202604-0000148,2026-04-01,2026-04-04,2026-04-01,2026-04-30,EUR,42.12,9.27,51.39,51.39,paid,2026-04-01
invoice_00000149,account_00000086,subscription_00000024,INV-202605-0000149,2026-05-01,2026-05-04,2026-05-01,2026-05-31,EUR,42.12,9.27,51.39,51.39,paid,2026-05-01
invoice_00000150,account_00000086,subscription_00000024,INV-202606-0000150,2026-06-01,2026-06-04,2026-06-01,2026-06-30,EUR,42.12,9.27,51.39,51.39,paid,2026-06-01
invoice_00000151,account_00000087,subscription_00000025,INV-202502-0000151,2025-02-19,2025-03-21,2025-02-01,2026-01-31,EUR,2939.76,617.35,3557.11,3557.11,paid,2025-02-19
invoice_00000152,account_00000087,subscription_00000025,INV-202602-0000152,2026-02-01,2026-03-03,2026-02-01,2026-06-30,EUR,3762.6,790.15,4552.75,4552.75,paid,2026-02-01
invoice_00000153,account_00000089,subscription_00000026,INV-202412-0000153,2024-12-10,2024-12-13,2024-12-01,2025-11-30,SEK,15586.2,3896.55,19482.75,1685.1,paid,2024-12-10
invoice_00000154,account_00000089,subscription_00000026,INV-202512-0000154,2025-12-01,2025-12-04,2025-12-01,2026-06-30,SEK,17139.48,4284.87,21424.35,1819.91,paid,2025-12-01
invoice_00000155,account_00000092,subscription_00000027,INV-202602-0000155,2026-02-19,2026-02-22,2026-02-01,2026-06-30,EUR,429.6,85.92,515.52,515.52,paid,2026-02-19
invoice_00000156,account_00000093,subscription_00000028,INV-202411-0000156,2024-11-18,2024-11-21,2024-11-01,2025-10-31,EUR,610.44,128.19,738.63,738.63,paid,2024-11-22
invoice_00000157,account_00000093,subscription_00000028,INV-202511-0000157,2025-11-01,2025-11-04,2025-11-01,2026-06-30,EUR,659.28,138.45,797.73,797.73,paid,2025-11-01
invoice_00000158,account_00000094,subscription_00000029,INV-202602-0000158,2026-02-10,2026-02-13,2026-02-01,2026-02-28,EUR,312.12,65.55,377.67,377.67,paid,2026-02-10
invoice_00000159,account_00000094,subscription_00000029,INV-202603-0000159,2026-03-01,2026-03-04,2026-03-01,2026-03-31,EUR,312.12,65.55,377.67,377.67,paid,2026-03-01
invoice_00000160,account_00000094,subscription_00000029,INV-202604-0000160,2026-04-01,2026-04-04,2026-04-01,2026-04-30,EUR,611.12,128.34,739.46,739.46,paid,2026-04-01
invoice_00000161,account_00000094,subscription_00000029,INV-202605-0000161,2026-05-01,2026-05-04,2026-05-01,2026-05-31,EUR,1079.12,226.62,1305.74,1305.74,paid,2026-05-01
invoice_00000162,account_00000094,subscription_00000029,INV-202606-0000162,2026-06-01,2026-06-04,2026-06-01,2026-06-30,EUR,1079.12,226.62,1305.74,1305.74,paid,2026-06-01
invoice_00000163,account_00000095,subscription_00000030,INV-202505-0000163,2025-05-30,2025-06-02,2025-05-01,2026-04-30,SEK,624328.44,156082.11,780410.55,67508.63,paid,2025-05-30
invoice_00000164,account_00000095,subscription_00000030,INV-202605-0000164,2026-05-01,2026-05-04,2026-05-01,2026-05-31,SEK,817213.32,204303.33,1021516.65,90468.58,paid,2026-05-01
invoice_00000165,account_00000100,subscription_00000031,INV-202605-0000165,2026-05-11,2026-05-14,2026-05-01,2026-05-31,GBP,91.7,18.34,110.04,128.3,paid,2026-05-11
invoice_00000166,account_00000100,subscription_00000031,INV-202606-0000166,2026-06-01,2026-06-04,2026-06-01,2026-06-30,GBP,93.73,18.75,112.48,128.31,paid,2026-06-01
invoice_00000167,account_00000101,subscription_00000032,INV-202605-0000167,2026-05-25,2026-05-28,2026-05-01,2026-06-30,NOK,14306.76,3576.69,17883.45,1315.11,paid,2026-05-25
invoice_00000168,account_00000104,subscription_00000033,INV-202408-0000168,2024-08-08,2024-08-11,2024-08-01,2025-07-31,NOK,5981.52,1495.38,7476.9,650.24,paid,2024-08-08
invoice_00000169,account_00000104,subscription_00000033,INV-202508-0000169,2025-08-01,2025-08-04,2025-08-01,2026-06-30,NOK,24844.92,6211.23,31056.15,2443.78,paid,2025-08-01
invoice_00000170,account_00000105,subscription_00000034,INV-202605-0000170,2026-05-30,2026-06-02,2026-05-01,2026-06-30,EUR,2544.72,508.94,3053.66,3053.66,paid,2026-05-30
invoice_00000171,account_00000106,subscription_00000035,INV-202405-0000171,2024-05-13,2024-05-16,2024-05-01,2025-04-30,NOK,22168.08,5542.02,27710.1,2410.31,paid,2024-05-13
invoice_00000172,account_00000106,subscription_00000035,INV-202505-0000172,2025-05-01,2025-05-04,2025-05-01,2026-04-30,NOK,26500.68,6625.17,33125.85,2603.13,paid,2025-05-01
invoice_00000173,account_00000106,subscription_00000035,INV-202605-0000173,2026-05-01,2026-05-04,2026-05-01,2026-06-30,NOK,28318.8,7079.7,35398.5,2603.13,paid,2026-05-01
invoice_00000174,account_00000108,subscription_00000036,INV-202505-0000174,2025-05-04,2025-05-07,2025-05-01,2026-04-30,GBP,274593.84,54918.77,329512.61,388247.57,paid,2025-05-04
invoice_00000175,account_00000108,subscription_00000036,INV-202605-0000175,2026-05-01,2026-05-04,2026-05-01,2026-06-30,GBP,280707.24,56141.45,336848.69,392757.49,paid,2026-05-01
invoice_00000176,account_00000110,subscription_00000037,INV-202407-0000176,2024-07-27,2024-07-30,2024-07-01,2025-06-30,PLN,46220.64,10630.75,56851.39,12883.95,paid,2024-07-27
invoice_00000177,account_00000110,subscription_00000037,INV-202507-0000177,2025-07-01,2025-07-04,2025-07-01,2026-06-30,PLN,57623.76,13253.46,70877.22,17082.4,paid,2025-07-01
invoice_00000178,account_00000111,subscription_00000038,INV-202501-0000178,2025-01-15,2025-02-14,2025-01-01,2025-01-31,EUR,156.0,29.64,185.64,185.64,paid,2025-01-15
invoice_00000179,account_00000111,subscription_00000038,INV-202502-0000179,2025-02-01,2025-03-03,2025-02-01,2025-02-28,EUR,156.0,29.64,185.64,185.64,paid,2025-02-01
invoice_00000180,account_00000111,subscription_00000038,INV-202503-0000180,2025-03-01,2025-03-31,2025-03-01,2025-03-31,EUR,405.0,76.95,481.95,481.95,paid,2025-03-01
invoice_00000181,account_00000111,subscription_00000038,INV-202504-0000181,2025-04-01,2025-05-01,2025-04-01,2025-04-30,EUR,466.48,88.63,555.11,555.11,paid,2025-04-01
invoice_00000182,account_00000111,subscription_00000038,INV-202505-0000182,2025-05-01,2025-05-31,2025-05-01,2025-05-31,EUR,466.48,88.63,555.11,555.11,paid,2025-05-01
invoice_00000183,account_00000111,subscription_00000038,INV-202506-0000183,2025-06-01,2025-07-01,2025-06-01,2025-06-30,EUR,466.48,88.63,555.11,555.11,paid,2025-06-01
invoice_00000184,account_00000111,subscription_00000038,INV-202507-0000184,2025-07-01,2025-07-31,2025-07-01,2025-07-31,EUR,466.48,88.63,555.11,555.11,paid,2025-07-01
invoice_00000185,account_00000111,subscription_00000038,INV-202508-0000185,2025-08-01,2025-08-31,2025-08-01,2025-08-31,EUR,466.48,88.63,555.11,555.11,paid,2025-08-01
invoice_00000186,account_00000111,subscription_00000038,INV-202509-0000186,2025-09-01,2025-10-01,2025-09-01,2025-09-30,EUR,487.0,92.53,579.53,579.53,paid,2025-09-01
invoice_00000187,account_00000111,subscription_00000038,INV-202510-0000187,2025-10-01,2025-10-31,2025-10-01,2025-10-31,EUR,487.0,92.53,579.53,579.53,paid,2025-10-01
invoice_00000188,account_00000111,subscription_00000038,INV-202511-0000188,2025-11-01,2025-12-01,2025-11-01,2025-11-30,EUR,487.0,92.53,579.53,579.53,paid,2025-11-07
invoice_00000189,account_00000111,subscription_00000038,INV-202512-0000189,2025-12-01,2025-12-31,2025-12-01,2025-12-31,EUR,487.0,92.53,579.53,579.53,paid,2025-12-01
invoice_00000190,account_00000111,subscription_00000038,INV-202601-0000190,2026-01-01,2026-01-31,2026-01-01,2026-01-31,EUR,487.0,92.53,579.53,579.53,paid,2026-01-01
invoice_00000191,account_00000111,subscription_00000038,INV-202602-0000191,2026-02-01,2026-03-03,2026-02-01,2026-02-28,EUR,487.0,92.53,579.53,579.53,paid,2026-02-01
invoice_00000192,account_00000111,subscription_00000038,INV-202603-0000192,2026-03-01,2026-03-31,2026-03-01,2026-03-31,EUR,487.0,92.53,579.53,579.53,paid,2026-03-01
invoice_00000193,account_00000111,subscription_00000038,INV-202604-0000193,2026-04-01,2026-05-01,2026-04-01,2026-04-30,EUR,487.0,92.53,579.53,579.53,paid,2026-04-01
invoice_00000194,account_00000111,subscription_00000038,INV-202605-0000194,2026-05-01,2026-05-31,2026-05-01,2026-05-31,EUR,487.0,92.53,579.53,579.53,paid,2026-05-01
invoice_00000195,account_00000111,subscription_00000038,INV-202606-0000195,2026-06-01,2026-07-01,2026-06-01,2026-06-30,EUR,487.0,92.53,579.53,579.53,paid,2026-06-01
invoice_00000196,account_00000113,subscription_00000039,INV-202408-0000196,2024-08-18,2024-08-21,2024-08-01,2024-08-31,EUR,1213.0,254.73,1467.73,1467.73,paid,2024-08-18
invoice_00000197,account_00000113,subscription_00000039,INV-202409-0000197,2024-09-01,2024-09-04,2024-09-01,2024-09-30,EUR,1213.0,254.73,1467.73,1467.73,paid,2024-09-01
invoice_00000198,account_00000113,subscription_00000039,INV-202410-0000198,2024-10-01,2024-10-04,2024-10-01,2024-10-31,EUR,1213.0,254.73,1467.73,1467.73,paid,2024-10-01
invoice_00000199,account_00000113,subscription_00000039,INV-202411-0000199,2024-11-01,2024-11-04,2024-11-01,2024-11-30,EUR,1537.0,322.77,1859.77,1859.77,paid,2024-11-01
invoice_00000200,account_00000113,subscription_00000039,INV-202412-0000200,2024-12-01,2024-12-04,2024-12-01,2024-12-31,EUR,1537.0,322.77,1859.77,1859.77,paid,2024-12-01
invoice_00000201,account_00000113,subscription_00000039,INV-202501-0000201,2025-01-01,2025-01-04,2025-01-01,2025-01-31,EUR,1537.0,322.77,1859.77,1859.77,paid,2025-01-01
invoice_00000202,account_00000113,subscription_00000039,INV-202502-0000202,2025-02-01,2025-02-04,2025-02-01,2025-02-28,EUR,2029.0,426.09,2455.09,2455.09,paid,2025-02-01
invoice_00000203,account_00000113,subscription_00000039,INV-202503-0000203,2025-03-01,2025-03-04,2025-03-01,2025-03-31,EUR,2029.0,426.09,2455.09,2455.09,paid,2025-03-01
invoice_00000204,account_00000113,subscription_00000039,INV-202504-0000204,2025-04-01,2025-04-04,2025-04-01,2025-04-30,EUR,2171.4,455.99,2627.39,2627.39,paid,2025-04-01
invoice_00000205,account_00000113,subscription_00000039,INV-202505-0000205,2025-05-01,2025-05-04,2025-05-01,2025-05-31,EUR,2171.4,455.99,2627.39,2627.39,paid,2025-05-01
invoice_00000206,account_00000113,subscription_00000039,INV-202506-0000206,2025-06-01,2025-06-04,2025-06-01,2025-06-30,EUR,2171.4,455.99,2627.39,2627.39,paid,2025-06-01
invoice_00000207,account_00000113,subscription_00000039,INV-202507-0000207,2025-07-01,2025-07-04,2025-07-01,2025-07-31,EUR,2171.4,455.99,2627.39,2627.39,paid,2025-07-01
invoice_00000208,account_00000113,subscription_00000039,INV-202508-0000208,2025-08-01,2025-08-04,2025-08-01,2025-08-31,EUR,2171.4,455.99,2627.39,2627.39,paid,2025-08-01
invoice_00000209,account_00000113,subscription_00000039,INV-202509-0000209,2025-09-01,2025-09-04,2025-09-01,2025-09-30,EUR,2171.4,455.99,2627.39,2627.39,paid,2025-09-01
invoice_00000210,account_00000113,subscription_00000039,INV-202510-0000210,2025-10-01,2025-10-04,2025-10-01,2025-10-31,EUR,2171.4,455.99,2627.39,2627.39,paid,2025-10-01
invoice_00000211,account_00000113,subscription_00000039,INV-202511-0000211,2025-11-01,2025-11-04,2025-11-01,2025-11-30,EUR,2171.4,455.99,2627.39,2627.39,paid,2025-11-01
invoice_00000212,account_00000113,subscription_00000039,INV-202512-0000212,2025-12-01,2025-12-04,2025-12-01,2025-12-31,EUR,2171.4,455.99,2627.39,2627.39,paid,2025-12-01
invoice_00000213,account_00000113,subscription_00000039,INV-202601-0000213,2026-01-01,2026-01-04,2026-01-01,2026-01-31,EUR,2171.4,455.99,2627.39,2627.39,paid,2026-01-01
invoice_00000214,account_00000113,subscription_00000039,INV-202602-0000214,2026-02-01,2026-02-04,2026-02-01,2026-02-28,EUR,2171.4,455.99,2627.39,2627.39,paid,2026-02-01
invoice_00000215,account_00000113,subscription_00000039,INV-202603-0000215,2026-03-01,2026-03-04,2026-03-01,2026-03-31,EUR,2171.4,455.99,2627.39,2627.39,paid,2026-03-01
invoice_00000216,account_00000113,subscription_00000039,INV-202604-0000216,2026-04-01,2026-04-04,2026-04-01,2026-04-30,EUR,2375.52,498.86,2874.38,2874.38,paid,2026-04-01
invoice_00000217,account_00000113,subscription_00000039,INV-202605-0000217,2026-05-01,2026-05-04,2026-05-01,2026-05-31,EUR,2375.52,498.86,2874.38,2874.38,paid,2026-05-01
invoice_00000218,account_00000113,subscription_00000039,INV-202606-0000218,2026-06-01,2026-06-04,2026-06-01,2026-06-30,EUR,2787.0,585.27,3372.27,3372.27,paid,2026-06-01
invoice_00000219,account_00000116,subscription_00000040,INV-202508-0000219,2025-08-09,2025-08-12,2025-08-01,2025-08-31,GBP,80.53,16.11,96.64,112.75,paid,2025-08-09
invoice_00000220,account_00000116,subscription_00000040,INV-202509-0000220,2025-09-01,2025-09-04,2025-09-01,2025-09-30,GBP,81.32,16.26,97.58,112.75,paid,2025-09-01
invoice_00000221,account_00000116,subscription_00000040,INV-202510-0000221,2025-10-01,2025-10-04,2025-10-01,2025-10-31,GBP,82.73,16.55,99.28,112.75,paid,2025-10-01
invoice_00000222,account_00000116,subscription_00000040,INV-202511-0000222,2025-11-01,2025-11-04,2025-11-01,2025-11-30,GBP,80.97,16.19,97.16,112.75,paid,2025-11-01
invoice_00000223,account_00000116,subscription_00000040,INV-202512-0000223,2025-12-01,2025-12-04,2025-12-01,2025-12-31,GBP,79.26,15.85,95.11,112.75,paid,2025-12-01
invoice_00000224,account_00000116,subscription_00000040,INV-202601-0000224,2026-01-01,2026-01-04,2026-01-01,2026-01-31,GBP,154.65,30.93,185.58,219.56,paid,2026-01-01
invoice_00000225,account_00000116,subscription_00000040,INV-202602-0000225,2026-02-01,2026-02-04,2026-02-01,2026-02-28,GBP,406.75,81.35,488.1,578.36,paid,2026-02-01
invoice_00000226,account_00000116,subscription_00000040,INV-202603-0000226,2026-03-01,2026-03-04,2026-03-01,2026-03-31,GBP,522.71,104.54,627.25,733.16,paid,2026-03-01
invoice_00000227,account_00000116,subscription_00000040,INV-202604-0000227,2026-04-01,2026-04-04,2026-04-01,2026-04-30,GBP,523.19,104.64,627.83,733.15,paid,2026-04-01
invoice_00000228,account_00000116,subscription_00000040,INV-202605-0000228,2026-05-01,2026-05-04,2026-05-01,2026-05-31,GBP,523.99,104.8,628.79,733.15,paid,2026-05-01
invoice_00000229,account_00000116,subscription_00000040,INV-202606-0000229,2026-06-01,2026-06-04,2026-06-01,2026-06-30,GBP,535.58,107.12,642.7,733.15,overdue,
invoice_00000230,account_00000122,subscription_00000041,INV-202510-0000230,2025-10-03,2025-11-02,2025-10-01,2025-10-31,EUR,40.01,8.4,48.41,48.41,paid,2025-10-03
invoice_00000231,account_00000122,subscription_00000041,INV-202511-0000231,2025-11-01,2025-12-01,2025-11-01,2025-11-30,EUR,40.01,8.4,48.41,48.41,paid,2025-11-01
invoice_00000232,account_00000122,subscription_00000041,INV-202512-0000232,2025-12-01,2025-12-31,2025-12-01,2025-12-31,EUR,40.01,8.4,48.41,48.41,paid,2025-12-01
invoice_00000233,account_00000122,subscription_00000041,INV-202601-0000233,2026-01-01,2026-01-31,2026-01-01,2026-01-31,EUR,40.01,8.4,48.41,48.41,paid,2026-01-01
invoice_00000234,account_00000122,subscription_00000041,INV-202602-0000234,2026-02-01,2026-03-03,2026-02-01,2026-02-28,EUR,40.01,8.4,48.41,48.41,paid,2026-02-01
invoice_00000235,account_00000122,subscription_00000041,INV-202603-0000235,2026-03-01,2026-03-31,2026-03-01,2026-03-31,EUR,40.01,8.4,48.41,48.41,paid,2026-03-01
invoice_00000236,account_00000122,subscription_00000041,INV-202604-0000236,2026-04-01,2026-05-01,2026-04-01,2026-04-30,EUR,40.01,8.4,48.41,48.41,paid,2026-04-01
invoice_00000237,account_00000122,subscription_00000041,INV-202605-0000237,2026-05-01,2026-05-31,2026-05-01,2026-05-31,EUR,358.01,75.18,433.19,433.19,paid,2026-05-01
invoice_00000238,account_00000122,subscription_00000041,INV-202606-0000238,2026-06-01,2026-07-01,2026-06-01,2026-06-30,EUR,358.01,75.18,433.19,433.19,paid,2026-06-01
invoice_00000239,account_00000123,subscription_00000042,INV-202410-0000239,2024-10-13,2024-10-16,2024-10-01,2024-10-31,EUR,46.92,9.38,56.3,56.3,paid,2024-10-13
invoice_00000240,account_00000123,subscription_00000042,INV-202411-0000240,2024-11-01,2024-11-04,2024-11-01,2024-11-30,EUR,46.92,9.38,56.3,56.3,paid,2024-11-01
invoice_00000241,account_00000123,subscription_00000042,INV-202412-0000241,2024-12-01,2024-12-04,2024-12-01,2024-12-31,EUR,46.92,9.38,56.3,56.3,paid,2024-12-01
invoice_00000242,account_00000123,subscription_00000042,INV-202501-0000242,2025-01-01,2025-01-04,2025-01-01,2025-01-31,EUR,46.92,9.38,56.3,56.3,paid,2025-01-01
invoice_00000243,account_00000123,subscription_00000042,INV-202502-0000243,2025-02-01,2025-02-04,2025-02-01,2025-02-28,EUR,46.92,9.38,56.3,56.3,paid,2025-02-01
invoice_00000244,account_00000123,subscription_00000042,INV-202503-0000244,2025-03-01,2025-03-04,2025-03-01,2025-03-31,EUR,46.92,9.38,56.3,56.3,paid,2025-03-01
invoice_00000245,account_00000123,subscription_00000042,INV-202504-0000245,2025-04-01,2025-04-04,2025-04-01,2025-04-30,EUR,50.67,10.13,60.8,60.8,paid,2025-04-01
invoice_00000246,account_00000123,subscription_00000042,INV-202505-0000246,2025-05-01,2025-05-04,2025-05-01,2025-05-31,EUR,62.6,12.52,75.12,75.12,paid,2025-05-01
invoice_00000247,account_00000123,subscription_00000042,INV-202506-0000247,2025-06-01,2025-06-04,2025-06-01,2025-06-30,EUR,62.6,12.52,75.12,75.12,paid,2025-06-01
invoice_00000248,account_00000123,subscription_00000042,INV-202507-0000248,2025-07-01,2025-07-04,2025-07-01,2025-07-31,EUR,62.6,12.52,75.12,75.12,paid,2025-07-01
invoice_00000249,account_00000123,subscription_00000042,INV-202508-0000249,2025-08-01,2025-08-04,2025-08-01,2025-08-31,EUR,62.6,12.52,75.12,75.12,paid,2025-08-01
invoice_00000250,account_00000123,subscription_00000042,INV-202509-0000250,2025-09-01,2025-09-04,2025-09-01,2025-09-30,EUR,62.6,12.52,75.12,75.12,paid,2025-09-01
invoice_00000251,account_00000123,subscription_00000042,INV-202510-0000251,2025-10-01,2025-10-04,2025-10-01,2025-10-31,EUR,62.6,12.52,75.12,75.12,paid,2025-10-01
invoice_00000252,account_00000123,subscription_00000042,INV-202511-0000252,2025-11-01,2025-11-04,2025-11-01,2025-11-30,EUR,62.6,12.52,75.12,75.12,paid,2025-11-01
invoice_00000253,account_00000123,subscription_00000042,INV-202512-0000253,2025-12-01,2025-12-04,2025-12-01,2025-12-31,EUR,62.6,12.52,75.12,75.12,paid,2025-12-01
invoice_00000254,account_00000123,subscription_00000042,INV-202601-0000254,2026-01-01,2026-01-04,2026-01-01,2026-01-31,EUR,62.6,12.52,75.12,75.12,paid,2026-01-01
invoice_00000255,account_00000123,subscription_00000042,INV-202602-0000255,2026-02-01,2026-02-04,2026-02-01,2026-02-28,EUR,62.6,12.52,75.12,75.12,paid,2026-02-01
invoice_00000256,account_00000123,subscription_00000042,INV-202603-0000256,2026-03-01,2026-03-04,2026-03-01,2026-03-31,EUR,62.6,12.52,75.12,75.12,paid,2026-03-01
invoice_00000257,account_00000123,subscription_00000042,INV-202604-0000257,2026-04-01,2026-04-04,2026-04-01,2026-04-30,EUR,62.6,12.52,75.12,75.12,paid,2026-04-01
invoice_00000258,account_00000123,subscription_00000042,INV-202605-0000258,2026-05-01,2026-05-04,2026-05-01,2026-05-31,EUR,62.6,12.52,75.12,75.12,paid,2026-05-03
invoice_00000259,account_00000123,subscription_00000042,INV-202606-0000259,2026-06-01,2026-06-04,2026-06-01,2026-06-30,EUR,62.6,12.52,75.12,75.12,paid,2026-06-01
invoice_00000260,account_00000124,subscription_00000043,INV-202408-0000260,2024-08-01,2024-08-04,2024-08-01,2024-08-31,EUR,99.0,18.81,117.81,117.81,paid,2024-08-01
invoice_00000261,account_00000124,subscription_00000043,INV-202409-0000261,2024-09-01,2024-09-04,2024-09-01,2024-09-30,EUR,99.0,18.81,117.81,117.81,paid,2024-09-01
invoice_00000262,account_00000124,subscription_00000043,INV-202410-0000262,2024-10-01,2024-10-04,2024-10-01,2024-10-31,EUR,99.0,18.81,117.81,117.81,paid,2024-10-01
invoice_00000263,account_00000124,subscription_00000043,INV-202411-0000263,2024-11-01,2024-11-04,2024-11-01,2024-11-30,EUR,99.0,18.81,117.81,117.81,paid,2024-11-01
invoice_00000264,account_00000124,subscription_00000043,INV-202412-0000264,2024-12-01,2024-12-04,2024-12-01,2024-12-31,EUR,99.0,18.81,117.81,117.81,paid,2024-12-01
invoice_00000265,account_00000124,subscription_00000043,INV-202501-0000265,2025-01-01,2025-01-04,2025-01-01,2025-01-31,EUR,99.0,18.81,117.81,117.81,paid,2025-01-01
invoice_00000266,account_00000124,subscription_00000043,INV-202502-0000266,2025-02-01,2025-02-04,2025-02-01,2025-02-28,EUR,99.0,18.81,117.81,117.81,paid,2025-02-01
invoice_00000267,account_00000124,subscription_00000043,INV-202503-0000267,2025-03-01,2025-03-04,2025-03-01,2025-03-31,EUR,99.0,18.81,117.81,117.81,paid,2025-03-01
invoice_00000268,account_00000124,subscription_00000043,INV-202504-0000268,2025-04-01,2025-04-04,2025-04-01,2025-04-30,EUR,106.92,20.31,127.23,127.23,paid,2025-04-01
invoice_00000269,account_00000124,subscription_00000043,INV-202505-0000269,2025-05-01,2025-05-04,2025-05-01,2025-05-31,EUR,106.92,20.31,127.23,127.23,paid,2025-05-01
invoice_00000270,account_00000124,subscription_00000043,INV-202506-0000270,2025-06-01,2025-06-04,2025-06-01,2025-06-30,EUR,106.92,20.31,127.23,127.23,paid,2025-06-01
invoice_00000271,account_00000124,subscription_00000043,INV-202507-0000271,2025-07-01,2025-07-04,2025-07-01,2025-07-31,EUR,106.92,20.31,127.23,127.23,paid,2025-07-01
invoice_00000272,account_00000124,subscription_00000043,INV-202508-0000272,2025-08-01,2025-08-04,2025-08-01,2025-08-31,EUR,106.92,20.31,127.23,127.23,paid,2025-08-01
invoice_00000273,account_00000124,subscription_00000043,INV-202509-0000273,2025-09-01,2025-09-04,2025-09-01,2025-09-30,EUR,106.92,20.31,127.23,127.23,paid,2025-09-01
invoice_00000274,account_00000124,subscription_00000043,INV-202510-0000274,2025-10-01,2025-10-04,2025-10-01,2025-10-31,EUR,106.92,20.31,127.23,127.23,paid,2025-10-01
invoice_00000275,account_00000124,subscription_00000043,INV-202511-0000275,2025-11-01,2025-11-04,2025-11-01,2025-11-30,EUR,106.92,20.31,127.23,127.23,overdue,
invoice_00000276,account_00000124,subscription_00000043,INV-202512-0000276,2025-12-01,2025-12-04,2025-12-01,2025-12-31,EUR,106.92,20.31,127.23,127.23,paid,2025-12-01
invoice_00000277,account_00000124,subscription_00000043,INV-202601-0000277,2026-01-01,2026-01-04,2026-01-01,2026-01-31,EUR,106.92,20.31,127.23,127.23,paid,2026-01-01
invoice_00000278,account_00000124,subscription_00000043,INV-202602-0000278,2026-02-01,2026-02-04,2026-02-01,2026-02-28,EUR,106.92,20.31,127.23,127.23,paid,2026-02-01
invoice_00000279,account_00000124,subscription_00000043,INV-202603-0000279,2026-03-01,2026-03-04,2026-03-01,2026-03-31,EUR,106.92,20.31,127.23,127.23,paid,2026-03-01
invoice_00000280,account_00000124,subscription_00000043,INV-202604-0000280,2026-04-01,2026-04-04,2026-04-01,2026-04-30,EUR,106.92,20.31,127.23,127.23,paid,2026-04-01
invoice_00000281,account_00000124,subscription_00000043,INV-202605-0000281,2026-05-01,2026-05-04,2026-05-01,2026-05-31,EUR,106.92,20.31,127.23,127.23,paid,2026-05-01
invoice_00000282,account_00000124,subscription_00000043,INV-202606-0000282,2026-06-01,2026-06-04,2026-06-01,2026-06-30,EUR,106.92,20.31,127.23,127.23,paid,2026-06-01
invoice_00000283,account_00000126,subscription_00000044,INV-202603-0000283,2026-03-10,2026-04-09,2026-03-01,2026-06-30,SEK,4890.0,1222.5,6112.5,537.03,paid,2026-03-14
invoice_00000284,account_00000127,subscription_00000045,INV-202502-0000284,2025-02-05,2025-03-07,2025-02-01,2026-01-31,EUR,1535.04,307.01,1842.05,1842.05,paid,2025-02-05
invoice_00000285,account_00000127,subscription_00000045,INV-202602-0000285,2026-02-01,2026-03-03,2026-02-01,2026-06-30,EUR,1657.8,331.56,1989.36,1989.36,paid,2026-02-01
invoice_00000286,account_00000128,subscription_00000046,INV-202408-0000286,2024-08-23,2024-08-26,2024-08-01,2024-08-31,EUR,1334.0,266.8,1600.8,1600.8,paid,2024-08-23
invoice_00000287,account_00000128,subscription_00000046,INV-202409-0000287,2024-09-01,2024-09-04,2024-09-01,2024-09-30,EUR,1334.0,266.8,1600.8,1600.8,paid,2024-09-01
invoice_00000288,account_00000128,subscription_00000046,INV-202410-0000288,2024-10-01,2024-10-04,2024-10-01,2024-10-31,EUR,1334.0,266.8,1600.8,1600.8,paid,2024-10-01
invoice_00000289,account_00000128,subscription_00000046,INV-202411-0000289,2024-11-01,2024-11-04,2024-11-01,2024-11-30,EUR,1334.0,266.8,1600.8,1600.8,paid,2024-11-01
invoice_00000290,account_00000128,subscription_00000046,INV-202412-0000290,2024-12-01,2024-12-04,2024-12-01,2024-12-31,EUR,1883.0,376.6,2259.6,2259.6,paid,2024-12-01
invoice_00000291,account_00000128,subscription_00000046,INV-202501-0000291,2025-01-01,2025-01-04,2025-01-01,2025-01-31,EUR,1883.0,376.6,2259.6,2259.6,paid,2025-01-01
invoice_00000292,account_00000128,subscription_00000046,INV-202502-0000292,2025-02-01,2025-02-04,2025-02-01,2025-02-28,EUR,1883.0,376.6,2259.6,2259.6,paid,2025-02-01
invoice_00000293,account_00000128,subscription_00000046,INV-202503-0000293,2025-03-01,2025-03-04,2025-03-01,2025-03-31,EUR,1883.0,376.6,2259.6,2259.6,paid,2025-03-01
invoice_00000294,account_00000128,subscription_00000046,INV-202504-0000294,2025-04-01,2025-04-04,2025-04-01,2025-04-30,EUR,2029.72,405.94,2435.66,2435.66,paid,2025-04-01
invoice_00000295,account_00000128,subscription_00000046,INV-202505-0000295,2025-05-01,2025-05-04,2025-05-01,2025-05-31,EUR,2029.72,405.94,2435.66,2435.66,paid,2025-05-01
invoice_00000296,account_00000128,subscription_00000046,INV-202506-0000296,2025-06-01,2025-06-04,2025-06-01,2025-06-30,EUR,2029.72,405.94,2435.66,2435.66,paid,2025-06-01
invoice_00000297,account_00000128,subscription_00000046,INV-202507-0000297,2025-07-01,2025-07-04,2025-07-01,2025-07-31,EUR,2029.72,405.94,2435.66,2435.66,paid,2025-07-01
invoice_00000298,account_00000128,subscription_00000046,INV-202508-0000298,2025-08-01,2025-08-04,2025-08-01,2025-08-31,EUR,2403.4,480.68,2884.08,2884.08,paid,2025-08-01
invoice_00000299,account_00000128,subscription_00000046,INV-202509-0000299,2025-09-01,2025-09-04,2025-09-01,2025-09-30,EUR,2109.64,421.93,2531.57,2531.57,paid,2025-09-01
invoice_00000300,account_00000128,subscription_00000046,INV-202510-0000300,2025-10-01,2025-10-04,2025-10-01,2025-10-31,EUR,2587.0,517.4,3104.4,3104.4,paid,2025-10-01
invoice_00000301,account_00000128,subscription_00000046,INV-202511-0000301,2025-11-01,2025-11-04,2025-11-01,2025-11-30,EUR,2072.92,414.58,2487.5,2487.5,paid,2025-11-01
invoice_00000302,account_00000128,subscription_00000046,INV-202512-0000302,2025-12-01,2025-12-04,2025-12-01,2025-12-31,EUR,2072.92,414.58,2487.5,2487.5,paid,2025-12-01
invoice_00000303,account_00000128,subscription_00000046,INV-202601-0000303,2026-01-01,2026-01-04,2026-01-01,2026-01-31,EUR,2072.92,414.58,2487.5,2487.5,paid,2026-01-01
invoice_00000304,account_00000128,subscription_00000046,INV-202602-0000304,2026-02-01,2026-02-04,2026-02-01,2026-02-28,EUR,2072.92,414.58,2487.5,2487.5,paid,2026-02-01
invoice_00000305,account_00000128,subscription_00000046,INV-202603-0000305,2026-03-01,2026-03-04,2026-03-01,2026-03-31,EUR,2072.92,414.58,2487.5,2487.5,paid,2026-03-01
invoice_00000306,account_00000128,subscription_00000046,INV-202604-0000306,2026-04-01,2026-04-04,2026-04-01,2026-04-30,EUR,2072.92,414.58,2487.5,2487.5,paid,2026-04-04
invoice_00000307,account_00000128,subscription_00000046,INV-202605-0000307,2026-05-01,2026-05-04,2026-05-01,2026-05-31,EUR,2072.92,414.58,2487.5,2487.5,paid,2026-05-01
invoice_00000308,account_00000128,subscription_00000046,INV-202606-0000308,2026-06-01,2026-06-04,2026-06-01,2026-06-30,EUR,2072.92,414.58,2487.5,2487.5,paid,2026-06-01
invoice_00000309,account_00000129,subscription_00000047,INV-202506-0000309,2025-06-12,2025-06-15,2025-06-01,2025-06-30,SEK,475.19,118.8,593.99,52.65,paid,2025-06-12
invoice_00000310,account_00000129,subscription_00000047,INV-202507-0000310,2025-07-01,2025-07-04,2025-07-01,2025-07-31,SEK,623.37,155.84,779.21,68.85,paid,2025-07-01
invoice_00000311,account_00000129,subscription_00000047,INV-202508-0000311,2025-08-01,2025-08-04,2025-08-01,2025-08-31,SEK,631.9,157.97,789.88,68.85,paid,2025-08-01
invoice_00000312,account_00000129,subscription_00000047,INV-202509-0000312,2025-09-01,2025-09-04,2025-09-01,2025-09-30,SEK,640.32,160.08,800.4,68.85,paid,2025-09-01
invoice_00000313,account_00000129,subscription_00000047,INV-202510-0000313,2025-10-01,2025-10-04,2025-10-01,2025-10-31,SEK,656.96,164.24,821.2,68.85,paid,2025-10-01
invoice_00000314,account_00000129,subscription_00000047,INV-202511-0000314,2025-11-01,2025-11-04,2025-11-01,2025-11-30,SEK,661.29,165.32,826.61,68.85,paid,2025-11-01
invoice_00000315,account_00000129,subscription_00000047,INV-202512-0000315,2025-12-01,2025-12-04,2025-12-01,2025-12-31,SEK,648.41,162.1,810.51,68.85,paid,2025-12-01
invoice_00000316,account_00000129,subscription_00000047,INV-202601-0000316,2026-01-01,2026-01-04,2026-01-01,2026-01-31,SEK,639.21,159.8,799.01,68.85,paid,2026-01-01
invoice_00000317,account_00000129,subscription_00000047,INV-202602-0000317,2026-02-01,2026-02-04,2026-02-01,2026-02-28,SEK,629.2,157.3,786.5,68.85,paid,2026-02-01
invoice_00000318,account_00000129,subscription_00000047,INV-202603-0000318,2026-03-01,2026-03-04,2026-03-01,2026-03-31,SEK,626.93,156.73,783.66,68.85,paid,2026-03-01
invoice_00000319,account_00000129,subscription_00000047,INV-202604-0000319,2026-04-01,2026-04-04,2026-04-01,2026-04-30,SEK,762.48,190.62,953.1,85.05,paid,2026-04-01
invoice_00000320,account_00000129,subscription_00000047,INV-202605-0000320,2026-05-01,2026-05-04,2026-05-01,2026-05-31,SEK,768.27,192.07,960.34,85.05,paid,2026-05-01
invoice_00000321,account_00000129,subscription_00000047,INV-202606-0000321,2026-06-01,2026-06-04,2026-06-01,2026-06-30,SEK,767.1,191.78,958.88,85.05,paid,2026-06-01
invoice_00000322,account_00000130,subscription_00000048,INV-202510-0000322,2025-10-20,2025-10-23,2025-10-01,2026-01-31,EUR,429.6,90.22,519.82,519.82,paid,2025-10-20
invoice_00000323,account_00000131,subscription_00000049,INV-202505-0000323,2025-05-16,2025-06-15,2025-05-01,2025-05-31,GBP,33196.06,6639.21,39835.27,46935.83,paid,2025-05-16
invoice_00000324,account_00000131,subscription_00000049,INV-202506-0000324,2025-06-01,2025-07-01,2025-06-01,2025-06-30,GBP,33534.67,6706.93,40241.6,46935.84,paid,2025-06-01
invoice_00000325,account_00000131,subscription_00000049,INV-202507-0000325,2025-07-01,2025-07-31,2025-07-01,2025-07-31,GBP,31213.47,6242.69,37456.16,44157.6,paid,2025-07-01
invoice_00000326,account_00000131,subscription_00000049,INV-202508-0000326,2025-08-01,2025-08-31,2025-08-01,2025-08-31,GBP,31538.24,6307.65,37845.89,44157.6,paid,2025-08-01
invoice_00000327,account_00000131,subscription_00000049,INV-202509-0000327,2025-09-01,2025-10-01,2025-09-01,2025-09-30,GBP,26145.48,5229.1,31374.58,36250.31,paid,2025-09-01
invoice_00000328,account_00000131,subscription_00000049,INV-202510-0000328,2025-10-01,2025-10-31,2025-10-01,2025-10-31,GBP,26599.26,5319.85,31919.11,36250.31,paid,2025-10-01
invoice_00000329,account_00000131,subscription_00000049,INV-202511-0000329,2025-11-01,2025-12-01,2025-11-01,2025-11-30,GBP,26248.27,5249.65,31497.92,36549.12,paid,2025-11-01
invoice_00000330,account_00000131,subscription_00000049,INV-202512-0000330,2025-12-01,2025-12-31,2025-12-01,2025-12-31,GBP,25694.07,5138.81,30832.88,36549.12,paid,2025-12-01
invoice_00000331,account_00000131,subscription_00000049,INV-202601-0000331,2026-01-01,2026-01-31,2026-01-01,2026-01-31,GBP,25743.73,5148.75,30892.48,36549.1,paid,2026-01-01
invoice_00000332,account_00000131,subscription_00000049,INV-202602-0000332,2026-02-01,2026-03-03,2026-02-01,2026-02-28,GBP,29492.1,5898.42,35390.52,41934.62,paid,2026-02-01
invoice_00000333,account_00000131,subscription_00000049,INV-202603-0000333,2026-03-01,2026-03-31,2026-03-01,2026-03-31,GBP,29897.68,5979.54,35877.22,41934.62,paid,2026-03-01
invoice_00000334,account_00000131,subscription_00000049,INV-202604-0000334,2026-04-01,2026-05-01,2026-04-01,2026-04-30,GBP,29925.3,5985.06,35910.36,41934.61,paid,2026-04-01
invoice_00000335,account_00000131,subscription_00000049,INV-202605-0000335,2026-05-01,2026-05-31,2026-05-01,2026-05-31,GBP,29971.03,5994.21,35965.24,41934.6,paid,2026-05-01
invoice_00000336,account_00000131,subscription_00000049,INV-202606-0000336,2026-06-01,2026-07-01,2026-06-01,2026-06-30,GBP,30633.86,6126.77,36760.63,41934.62,paid,2026-06-01
invoice_00000337,account_00000134,subscription_00000050,INV-202406-0000337,2024-06-29,2024-07-02,2024-06-01,2025-05-31,EUR,40209.24,8443.94,48653.18,48653.18,paid,2024-06-29
invoice_00000338,account_00000134,subscription_00000050,INV-202506-0000338,2025-06-01,2025-06-04,2025-06-01,2026-05-31,EUR,54420.12,11428.23,65848.35,65848.35,paid,2025-06-01
invoice_00000339,account_00000134,subscription_00000050,INV-202606-0000339,2026-06-01,2026-06-04,2026-06-01,2026-06-30,EUR,45043.2,9459.07,54502.27,54502.27,paid,2026-06-01
invoice_00000340,account_00000135,subscription_00000051,INV-202508-0000340,2025-08-25,2025-08-28,2025-08-01,2025-08-31,EUR,38.75,8.14,46.89,46.89,paid,2025-08-25
invoice_00000341,account_00000135,subscription_00000051,INV-202509-0000341,2025-09-01,2025-09-04,2025-09-01,2025-09-30,EUR,38.75,8.14,46.89,46.89,paid,2025-09-01
invoice_00000342,account_00000135,subscription_00000051,INV-202510-0000342,2025-10-01,2025-10-04,2025-10-01,2025-10-31,EUR,38.75,8.14,46.89,46.89,paid,2025-10-01
invoice_00000343,account_00000135,subscription_00000051,INV-202511-0000343,2025-11-01,2025-11-04,2025-11-01,2025-11-30,EUR,38.75,8.14,46.89,46.89,paid,2025-11-01
invoice_00000344,account_00000135,subscription_00000051,INV-202512-0000344,2025-12-01,2025-12-04,2025-12-01,2025-12-31,EUR,38.75,8.14,46.89,46.89,paid,2025-12-01
invoice_00000345,account_00000135,subscription_00000051,INV-202601-0000345,2026-01-01,2026-01-04,2026-01-01,2026-01-31,EUR,38.75,8.14,46.89,46.89,paid,2026-01-01
invoice_00000346,account_00000135,subscription_00000051,INV-202602-0000346,2026-02-01,2026-02-04,2026-02-01,2026-02-28,EUR,38.75,8.14,46.89,46.89,paid,2026-02-01
invoice_00000347,account_00000135,subscription_00000051,INV-202603-0000347,2026-03-01,2026-03-04,2026-03-01,2026-03-31,EUR,38.75,8.14,46.89,46.89,paid,2026-03-01
invoice_00000348,account_00000135,subscription_00000051,INV-202604-0000348,2026-04-01,2026-04-04,2026-04-01,2026-04-30,EUR,38.75,8.14,46.89,46.89,paid,2026-04-01
invoice_00000349,account_00000135,subscription_00000051,INV-202605-0000349,2026-05-01,2026-05-04,2026-05-01,2026-05-31,EUR,38.75,8.14,46.89,46.89,paid,2026-05-01
invoice_00000350,account_00000135,subscription_00000051,INV-202606-0000350,2026-06-01,2026-06-04,2026-06-01,2026-06-30,EUR,38.75,8.14,46.89,46.89,paid,2026-06-01
invoice_00000351,account_00000136,subscription_00000052,INV-202409-0000351,2024-09-24,2024-09-27,2024-09-01,2024-09-30,EUR,1464.7,292.94,1757.64,1757.64,paid,2024-09-24
invoice_00000352,account_00000136,subscription_00000052,INV-202410-0000352,2024-10-01,2024-10-04,2024-10-01,2024-10-31,EUR,1464.7,292.94,1757.64,1757.64,paid,2024-10-01
invoice_00000353,account_00000136,subscription_00000052,INV-202411-0000353,2024-11-01,2024-11-04,2024-11-01,2024-11-30,EUR,1464.7,292.94,1757.64,1757.64,paid,2024-11-01
invoice_00000354,account_00000136,subscription_00000052,INV-202412-0000354,2024-12-01,2024-12-04,2024-12-01,2024-12-31,EUR,1464.7,292.94,1757.64,1757.64,paid,2024-12-01
invoice_00000355,account_00000136,subscription_00000052,INV-202501-0000355,2025-01-01,2025-01-04,2025-01-01,2025-01-31,EUR,1464.7,292.94,1757.64,1757.64,paid,2025-01-01
invoice_00000356,account_00000136,subscription_00000052,INV-202502-0000356,2025-02-01,2025-02-04,2025-02-01,2025-02-28,EUR,1464.7,292.94,1757.64,1757.64,paid,2025-02-01
invoice_00000357,account_00000136,subscription_00000052,INV-202503-0000357,2025-03-01,2025-03-04,2025-03-01,2025-03-31,EUR,1464.7,292.94,1757.64,1757.64,paid,2025-03-01
invoice_00000358,account_00000136,subscription_00000052,INV-202504-0000358,2025-04-01,2025-04-04,2025-04-01,2025-04-30,EUR,1581.88,316.38,1898.26,1898.26,paid,2025-04-01
invoice_00000359,account_00000136,subscription_00000052,INV-202505-0000359,2025-05-01,2025-05-04,2025-05-01,2025-05-31,EUR,1581.88,316.38,1898.26,1898.26,paid,2025-05-01
invoice_00000360,account_00000136,subscription_00000052,INV-202506-0000360,2025-06-01,2025-06-04,2025-06-01,2025-06-30,EUR,1581.88,316.38,1898.26,1898.26,paid,2025-06-01
invoice_00000361,account_00000136,subscription_00000052,INV-202507-0000361,2025-07-01,2025-07-04,2025-07-01,2025-07-31,EUR,1581.88,316.38,1898.26,1898.26,paid,2025-07-01
invoice_00000362,account_00000136,subscription_00000052,INV-202508-0000362,2025-08-01,2025-08-04,2025-08-01,2025-08-31,EUR,1383.88,276.78,1660.66,1660.66,paid,2025-08-01
invoice_00000363,account_00000136,subscription_00000052,INV-202509-0000363,2025-09-01,2025-09-04,2025-09-01,2025-09-30,EUR,1383.88,276.78,1660.66,1660.66,paid,2025-09-01
invoice_00000364,account_00000136,subscription_00000052,INV-202510-0000364,2025-10-01,2025-10-04,2025-10-01,2025-10-31,EUR,1638.45,327.69,1966.14,1966.14,paid,2025-10-01
invoice_00000365,account_00000136,subscription_00000052,INV-202511-0000365,2025-11-01,2025-11-04,2025-11-01,2025-11-30,EUR,1638.45,327.69,1966.14,1966.14,paid,2025-11-01
invoice_00000366,account_00000136,subscription_00000052,INV-202512-0000366,2025-12-01,2025-12-04,2025-12-01,2025-12-31,EUR,1638.45,327.69,1966.14,1966.14,paid,2025-12-01
invoice_00000367,account_00000136,subscription_00000052,INV-202601-0000367,2026-01-01,2026-01-04,2026-01-01,2026-01-31,EUR,1638.45,327.69,1966.14,1966.14,paid,2026-01-01
invoice_00000368,account_00000136,subscription_00000052,INV-202602-0000368,2026-02-01,2026-02-04,2026-02-01,2026-02-28,EUR,1893.01,378.6,2271.61,2271.61,paid,2026-02-01
invoice_00000369,account_00000136,subscription_00000052,INV-202603-0000369,2026-03-01,2026-03-04,2026-03-01,2026-03-31,EUR,2402.15,480.43,2882.58,2882.58,overdue,
invoice_00000370,account_00000136,subscription_00000052,INV-202604-0000370,2026-04-01,2026-04-04,2026-04-01,2026-04-30,EUR,2402.15,480.43,2882.58,2882.58,paid,2026-04-04
invoice_00000371,account_00000136,subscription_00000052,INV-202605-0000371,2026-05-01,2026-05-04,2026-05-01,2026-05-31,EUR,2402.15,480.43,2882.58,2882.58,paid,2026-05-01
invoice_00000372,account_00000136,subscription_00000052,INV-202606-0000372,2026-06-01,2026-06-04,2026-06-01,2026-06-30,EUR,3672.89,734.58,4407.47,4407.47,paid,2026-06-01
invoice_00000373,account_00000137,subscription_00000053,INV-202511-0000373,2025-11-18,2025-11-21,2025-11-01,2025-11-30,EUR,168.48,33.7,202.18,202.18,paid,2025-11-18
invoice_00000374,account_00000137,subscription_00000053,INV-202512-0000374,2025-12-01,2025-12-04,2025-12-01,2025-12-31,EUR,168.48,33.7,202.18,202.18,paid,2025-12-01
invoice_00000375,account_00000137,subscription_00000053,INV-202601-0000375,2026-01-01,2026-01-04,2026-01-01,2026-01-31,EUR,467.48,93.5,560.98,560.98,paid,2026-01-01
invoice_00000376,account_00000137,subscription_00000053,INV-202602-0000376,2026-02-01,2026-02-04,2026-02-01,2026-02-28,EUR,467.48,93.5,560.98,560.98,paid,2026-02-01
invoice_00000377,account_00000137,subscription_00000053,INV-202603-0000377,2026-03-01,2026-03-04,2026-03-01,2026-03-31,EUR,467.48,93.5,560.98,560.98,paid,2026-03-01
invoice_00000378,account_00000137,subscription_00000053,INV-202604-0000378,2026-04-01,2026-04-04,2026-04-01,2026-04-30,EUR,596.48,119.3,715.78,715.78,paid,2026-04-01
invoice_00000379,account_00000137,subscription_00000053,INV-202605-0000379,2026-05-01,2026-05-04,2026-05-01,2026-05-31,EUR,596.48,119.3,715.78,715.78,paid,2026-05-01
invoice_00000380,account_00000137,subscription_00000053,INV-202606-0000380,2026-06-01,2026-06-04,2026-06-01,2026-06-30,EUR,596.48,119.3,715.78,715.78,paid,2026-06-01
invoice_00000381,account_00000138,subscription_00000054,INV-202411-0000381,2024-11-11,2024-11-14,2024-11-01,2024-11-30,EUR,183.0,34.77,217.77,217.77,paid,2024-11-11
invoice_00000382,account_00000138,subscription_00000054,INV-202412-0000382,2024-12-01,2024-12-04,2024-12-01,2024-12-31,EUR,183.0,34.77,217.77,217.77,paid,2024-12-01
invoice_00000383,account_00000138,subscription_00000054,INV-202501-0000383,2025-01-01,2025-01-04,2025-01-01,2025-01-31,EUR,183.0,34.77,217.77,217.77,paid,2025-01-01
invoice_00000384,account_00000138,subscription_00000054,INV-202502-0000384,2025-02-01,2025-02-04,2025-02-01,2025-02-28,EUR,183.0,34.77,217.77,217.77,paid,2025-02-01
invoice_00000385,account_00000138,subscription_00000054,INV-202503-0000385,2025-03-01,2025-03-04,2025-03-01,2025-03-31,EUR,289.0,54.91,343.91,343.91,paid,2025-03-01
invoice_00000386,account_00000138,subscription_00000054,INV-202504-0000386,2025-04-01,2025-04-04,2025-04-01,2025-04-30,EUR,312.12,59.3,371.42,371.42,paid,2025-04-01
invoice_00000387,account_00000138,subscription_00000054,INV-202505-0000387,2025-05-01,2025-05-04,2025-05-01,2025-05-31,EUR,312.12,59.3,371.42,371.42,paid,2025-05-01
invoice_00000388,account_00000138,subscription_00000054,INV-202506-0000388,2025-06-01,2025-06-04,2025-06-01,2025-06-30,EUR,312.12,59.3,371.42,371.42,paid,2025-06-01
invoice_00000389,account_00000138,subscription_00000054,INV-202507-0000389,2025-07-01,2025-07-04,2025-07-01,2025-07-31,EUR,312.12,59.3,371.42,371.42,paid,2025-07-01
invoice_00000390,account_00000138,subscription_00000054,INV-202508-0000390,2025-08-01,2025-08-04,2025-08-01,2025-08-31,EUR,312.12,59.3,371.42,371.42,paid,2025-08-01
invoice_00000391,account_00000138,subscription_00000054,INV-202509-0000391,2025-09-01,2025-09-04,2025-09-01,2025-09-30,EUR,312.12,59.3,371.42,371.42,paid,2025-09-01
invoice_00000392,account_00000138,subscription_00000054,INV-202510-0000392,2025-10-01,2025-10-04,2025-10-01,2025-10-31,EUR,312.12,59.3,371.42,371.42,paid,2025-10-01
invoice_00000393,account_00000138,subscription_00000054,INV-202511-0000393,2025-11-01,2025-11-04,2025-11-01,2025-11-30,EUR,312.12,59.3,371.42,371.42,paid,2025-11-05
invoice_00000394,account_00000138,subscription_00000054,INV-202512-0000394,2025-12-01,2025-12-04,2025-12-01,2025-12-31,EUR,312.12,59.3,371.42,371.42,paid,2025-12-01
invoice_00000395,account_00000138,subscription_00000054,INV-202601-0000395,2026-01-01,2026-01-04,2026-01-01,2026-01-31,EUR,312.12,59.3,371.42,371.42,paid,2026-01-01
invoice_00000396,account_00000138,subscription_00000054,INV-202602-0000396,2026-02-01,2026-02-04,2026-02-01,2026-02-28,EUR,312.12,59.3,371.42,371.42,paid,2026-02-01
invoice_00000397,account_00000138,subscription_00000054,INV-202603-0000397,2026-03-01,2026-03-04,2026-03-01,2026-03-31,EUR,312.12,59.3,371.42,371.42,paid,2026-03-01
invoice_00000398,account_00000138,subscription_00000054,INV-202604-0000398,2026-04-01,2026-04-04,2026-04-01,2026-04-30,EUR,312.12,59.3,371.42,371.42,paid,2026-04-03
invoice_00000399,account_00000138,subscription_00000054,INV-202605-0000399,2026-05-01,2026-05-04,2026-05-01,2026-05-31,EUR,312.12,59.3,371.42,371.42,paid,2026-05-01
invoice_00000400,account_00000138,subscription_00000054,INV-202606-0000400,2026-06-01,2026-06-04,2026-06-01,2026-06-30,EUR,312.12,59.3,371.42,371.42,paid,2026-06-01
invoice_00000401,account_00000141,subscription_00000055,INV-202504-0000401,2025-04-20,2025-05-20,2025-04-01,2025-04-30,EUR,197.64,37.55,235.19,235.19,paid,2025-04-20
invoice_00000402,account_00000141,subscription_00000055,INV-202505-0000402,2025-05-01,2025-05-31,2025-05-01,2025-05-31,EUR,197.64,37.55,235.19,235.19,paid,2025-05-05
invoice_00000403,account_00000141,subscription_00000055,INV-202506-0000403,2025-06-01,2025-07-01,2025-06-01,2025-06-30,EUR,197.64,37.55,235.19,235.19,paid,2025-06-01
invoice_00000404,account_00000141,subscription_00000055,INV-202507-0000404,2025-07-01,2025-07-31,2025-07-01,2025-07-31,EUR,197.64,37.55,235.19,235.19,paid,2025-07-01
invoice_00000405,account_00000141,subscription_00000055,INV-202508-0000405,2025-08-01,2025-08-31,2025-08-01,2025-08-31,EUR,197.64,37.55,235.19,235.19,paid,2025-08-05
invoice_00000406,account_00000141,subscription_00000055,INV-202509-0000406,2025-09-01,2025-10-01,2025-09-01,2025-09-30,EUR,312.12,59.3,371.42,371.42,paid,2025-09-01
invoice_00000407,account_00000141,subscription_00000055,INV-202510-0000407,2025-10-01,2025-10-31,2025-10-01,2025-10-31,EUR,312.12,59.3,371.42,371.42,paid,2025-10-01
invoice_00000408,account_00000141,subscription_00000055,INV-202511-0000408,2025-11-01,2025-12-01,2025-11-01,2025-11-30,EUR,312.12,59.3,371.42,371.42,paid,2025-11-01
invoice_00000409,account_00000141,subscription_00000055,INV-202512-0000409,2025-12-01,2025-12-31,2025-12-01,2025-12-31,EUR,312.12,59.3,371.42,371.42,paid,2025-12-01
invoice_00000410,account_00000141,subscription_00000055,INV-202601-0000410,2026-01-01,2026-01-31,2026-01-01,2026-01-31,EUR,312.12,59.3,371.42,371.42,paid,2026-01-01
invoice_00000411,account_00000141,subscription_00000055,INV-202602-0000411,2026-02-01,2026-03-03,2026-02-01,2026-02-28,EUR,312.12,59.3,371.42,371.42,paid,2026-02-01
invoice_00000412,account_00000141,subscription_00000055,INV-202603-0000412,2026-03-01,2026-03-31,2026-03-01,2026-03-31,EUR,353.16,67.1,420.26,420.26,paid,2026-03-01
invoice_00000413,account_00000141,subscription_00000055,INV-202604-0000413,2026-04-01,2026-05-01,2026-04-01,2026-04-30,EUR,353.16,67.1,420.26,420.26,paid,2026-04-01
invoice_00000414,account_00000141,subscription_00000055,INV-202605-0000414,2026-05-01,2026-05-31,2026-05-01,2026-05-31,EUR,353.16,67.1,420.26,420.26,paid,2026-05-01
invoice_00000415,account_00000141,subscription_00000055,INV-202606-0000415,2026-06-01,2026-07-01,2026-06-01,2026-06-30,EUR,353.16,67.1,420.26,420.26,paid,2026-06-01
invoice_00000416,account_00000152,subscription_00000056,INV-202407-0000416,2024-07-12,2024-08-11,2024-07-01,2025-06-30,EUR,84459.84,19425.76,103885.6,103885.6,paid,2024-07-12
invoice_00000417,account_00000152,subscription_00000056,INV-202507-0000417,2025-07-01,2025-07-31,2025-07-01,2026-06-30,EUR,115530.84,26572.09,142102.93,142102.93,paid,2025-07-01
invoice_00000418,account_00000155,subscription_00000057,INV-202412-0000418,2024-12-24,2025-01-23,2024-12-01,2025-11-30,EUR,520.2,98.84,619.04,619.04,paid,2024-12-24
invoice_00000419,account_00000155,subscription_00000057,INV-202512-0000419,2025-12-01,2025-12-31,2025-12-01,2026-06-30,EUR,561.84,106.75,668.59,668.59,paid,2025-12-01
invoice_00000420,account_00000157,subscription_00000058,INV-202405-0000420,2024-05-08,2024-05-11,2024-05-01,2024-05-31,EUR,96.03,20.17,116.2,116.2,paid,2024-05-08
invoice_00000421,account_00000157,subscription_00000058,INV-202406-0000421,2024-06-01,2024-06-04,2024-06-01,2024-06-30,EUR,96.03,20.17,116.2,116.2,paid,2024-06-01
invoice_00000422,account_00000157,subscription_00000058,INV-202407-0000422,2024-07-01,2024-07-04,2024-07-01,2024-07-31,EUR,96.03,20.17,116.2,116.2,paid,2024-07-01
invoice_00000423,account_00000157,subscription_00000058,INV-202408-0000423,2024-08-01,2024-08-04,2024-08-01,2024-08-31,EUR,96.03,20.17,116.2,116.2,paid,2024-08-03
invoice_00000424,account_00000157,subscription_00000058,INV-202409-0000424,2024-09-01,2024-09-04,2024-09-01,2024-09-30,EUR,96.03,20.17,116.2,116.2,paid,2024-09-01
invoice_00000425,account_00000157,subscription_00000058,INV-202410-0000425,2024-10-01,2024-10-04,2024-10-01,2024-10-31,EUR,96.03,20.17,116.2,116.2,paid,2024-10-01
invoice_00000426,account_00000157,subscription_00000058,INV-202411-0000426,2024-11-01,2024-11-04,2024-11-01,2024-11-30,EUR,96.03,20.17,116.2,116.2,paid,2024-11-01
invoice_00000427,account_00000157,subscription_00000058,INV-202412-0000427,2024-12-01,2024-12-04,2024-12-01,2024-12-31,EUR,96.03,20.17,116.2,116.2,paid,2024-12-01
invoice_00000428,account_00000157,subscription_00000058,INV-202501-0000428,2025-01-01,2025-01-04,2025-01-01,2025-01-31,EUR,96.03,20.17,116.2,116.2,paid,2025-01-01
invoice_00000429,account_00000157,subscription_00000058,INV-202502-0000429,2025-02-01,2025-02-04,2025-02-01,2025-02-28,EUR,96.03,20.17,116.2,116.2,paid,2025-02-04
invoice_00000430,account_00000157,subscription_00000058,INV-202503-0000430,2025-03-01,2025-03-04,2025-03-01,2025-03-31,EUR,96.03,20.17,116.2,116.2,paid,2025-03-01
invoice_00000431,account_00000157,subscription_00000058,INV-202504-0000431,2025-04-01,2025-04-04,2025-04-01,2025-04-30,EUR,103.71,21.78,125.49,125.49,paid,2025-04-01
invoice_00000432,account_00000157,subscription_00000058,INV-202505-0000432,2025-05-01,2025-05-04,2025-05-01,2025-05-31,EUR,103.71,21.78,125.49,125.49,paid,2025-05-01
invoice_00000433,account_00000157,subscription_00000058,INV-202506-0000433,2025-06-01,2025-06-04,2025-06-01,2025-06-30,EUR,103.71,21.78,125.49,125.49,paid,2025-06-01
invoice_00000434,account_00000157,subscription_00000058,INV-202507-0000434,2025-07-01,2025-07-04,2025-07-01,2025-07-31,EUR,103.71,21.78,125.49,125.49,paid,2025-07-01
invoice_00000435,account_00000157,subscription_00000058,INV-202508-0000435,2025-08-01,2025-08-04,2025-08-01,2025-08-31,EUR,103.71,21.78,125.49,125.49,overdue,
invoice_00000436,account_00000157,subscription_00000058,INV-202509-0000436,2025-09-01,2025-09-04,2025-09-01,2025-09-30,EUR,103.71,21.78,125.49,125.49,paid,2025-09-01
invoice_00000437,account_00000157,subscription_00000058,INV-202510-0000437,2025-10-01,2025-10-04,2025-10-01,2025-10-31,EUR,103.71,21.78,125.49,125.49,paid,2025-10-01
invoice_00000438,account_00000157,subscription_00000058,INV-202511-0000438,2025-11-01,2025-11-04,2025-11-01,2025-11-30,EUR,103.71,21.78,125.49,125.49,paid,2025-11-01
invoice_00000439,account_00000157,subscription_00000058,INV-202512-0000439,2025-12-01,2025-12-04,2025-12-01,2025-12-31,EUR,103.71,21.78,125.49,125.49,paid,2025-12-01
invoice_00000440,account_00000157,subscription_00000058,INV-202601-0000440,2026-01-01,2026-01-04,2026-01-01,2026-01-31,EUR,103.71,21.78,125.49,125.49,overdue,
invoice_00000441,account_00000157,subscription_00000058,INV-202602-0000441,2026-02-01,2026-02-04,2026-02-01,2026-02-28,EUR,103.71,21.78,125.49,125.49,paid,2026-02-01
invoice_00000442,account_00000157,subscription_00000058,INV-202603-0000442,2026-03-01,2026-03-04,2026-03-01,2026-03-31,EUR,103.71,21.78,125.49,125.49,paid,2026-03-01
invoice_00000443,account_00000157,subscription_00000058,INV-202604-0000443,2026-04-01,2026-04-04,2026-04-01,2026-04-30,EUR,103.71,21.78,125.49,125.49,paid,2026-04-01
invoice_00000444,account_00000157,subscription_00000058,INV-202605-0000444,2026-05-01,2026-05-04,2026-05-01,2026-05-31,EUR,103.71,21.78,125.49,125.49,paid,2026-05-01
invoice_00000445,account_00000157,subscription_00000058,INV-202606-0000445,2026-06-01,2026-06-04,2026-06-01,2026-06-30,EUR,103.71,21.78,125.49,125.49,paid,2026-06-01
invoice_00000446,account_00000159,subscription_00000059,INV-202604-0000446,2026-04-30,2026-05-03,2026-04-01,2026-04-30,GBP,287.3,57.46,344.76,402.6,paid,2026-04-30
invoice_00000447,account_00000159,subscription_00000059,INV-202605-0000447,2026-05-01,2026-05-04,2026-05-01,2026-05-31,GBP,354.62,70.92,425.54,496.17,paid,2026-05-07
invoice_00000448,account_00000159,subscription_00000059,INV-202606-0000448,2026-06-01,2026-06-04,2026-06-01,2026-06-30,GBP,362.46,72.49,434.95,496.17,paid,2026-06-01
invoice_00000449,account_00000161,subscription_00000060,INV-202504-0000449,2025-04-22,2025-04-25,2025-04-01,2026-03-31,CHF,9443.52,764.93,10208.45,10568.93,paid,2025-04-22
invoice_00000450,account_00000161,subscription_00000060,INV-202604-0000450,2026-04-01,2026-04-04,2026-04-01,2026-06-30,CHF,7978.92,646.29,8625.21,9055.94,paid,2026-04-01
invoice_00000451,account_00000166,subscription_00000061,INV-202501-0000451,2025-01-23,2025-01-26,2025-01-01,2025-01-31,EUR,39.0,7.8,46.8,46.8,paid,2025-01-23
invoice_00000452,account_00000166,subscription_00000061,INV-202502-0000452,2025-02-01,2025-02-04,2025-02-01,2025-02-28,EUR,39.0,7.8,46.8,46.8,paid,2025-02-01
invoice_00000453,account_00000166,subscription_00000061,INV-202503-0000453,2025-03-01,2025-03-04,2025-03-01,2025-03-31,EUR,39.0,7.8,46.8,46.8,paid,2025-03-04
invoice_00000454,account_00000166,subscription_00000061,INV-202504-0000454,2025-04-01,2025-04-04,2025-04-01,2025-04-30,EUR,42.12,8.42,50.54,50.54,paid,2025-04-01
invoice_00000455,account_00000166,subscription_00000061,INV-202505-0000455,2025-05-01,2025-05-04,2025-05-01,2025-05-31,EUR,42.12,8.42,50.54,50.54,paid,2025-05-01
invoice_00000456,account_00000166,subscription_00000061,INV-202506-0000456,2025-06-01,2025-06-04,2025-06-01,2025-06-30,EUR,42.12,8.42,50.54,50.54,paid,2025-06-01
invoice_00000457,account_00000166,subscription_00000061,INV-202507-0000457,2025-07-01,2025-07-04,2025-07-01,2025-07-31,EUR,55.08,11.02,66.1,66.1,paid,2025-07-01
invoice_00000458,account_00000166,subscription_00000061,INV-202508-0000458,2025-08-01,2025-08-04,2025-08-01,2025-08-31,EUR,55.08,11.02,66.1,66.1,paid,2025-08-01
invoice_00000459,account_00000166,subscription_00000061,INV-202509-0000459,2025-09-01,2025-09-04,2025-09-01,2025-09-30,EUR,55.08,11.02,66.1,66.1,overdue,
invoice_00000460,account_00000166,subscription_00000061,INV-202510-0000460,2025-10-01,2025-10-04,2025-10-01,2025-10-31,EUR,55.08,11.02,66.1,66.1,paid,2025-10-01
invoice_00000461,account_00000166,subscription_00000061,INV-202511-0000461,2025-11-01,2025-11-04,2025-11-01,2025-11-30,EUR,55.08,11.02,66.1,66.1,paid,2025-11-01
invoice_00000462,account_00000166,subscription_00000061,INV-202512-0000462,2025-12-01,2025-12-04,2025-12-01,2025-12-31,EUR,55.08,11.02,66.1,66.1,paid,2025-12-01
invoice_00000463,account_00000166,subscription_00000061,INV-202601-0000463,2026-01-01,2026-01-04,2026-01-01,2026-01-31,EUR,55.08,11.02,66.1,66.1,paid,2026-01-01
invoice_00000464,account_00000166,subscription_00000061,INV-202602-0000464,2026-02-01,2026-02-04,2026-02-01,2026-02-28,EUR,55.08,11.02,66.1,66.1,paid,2026-02-01
invoice_00000465,account_00000166,subscription_00000061,INV-202603-0000465,2026-03-01,2026-03-04,2026-03-01,2026-03-31,EUR,55.08,11.02,66.1,66.1,paid,2026-03-01
invoice_00000466,account_00000166,subscription_00000061,INV-202604-0000466,2026-04-01,2026-04-04,2026-04-01,2026-04-30,EUR,55.08,11.02,66.1,66.1,paid,2026-04-01
invoice_00000467,account_00000166,subscription_00000061,INV-202605-0000467,2026-05-01,2026-05-04,2026-05-01,2026-05-31,EUR,55.08,11.02,66.1,66.1,paid,2026-05-01
invoice_00000468,account_00000166,subscription_00000061,INV-202606-0000468,2026-06-01,2026-06-04,2026-06-01,2026-06-30,EUR,55.08,11.02,66.1,66.1,paid,2026-06-01
invoice_00000469,account_00000169,subscription_00000062,INV-202606-0000469,2026-06-27,2026-07-27,2026-06-01,2026-06-30,GBP,237.63,47.53,285.16,325.29,paid,2026-06-27
invoice_00000470,account_00000173,subscription_00000063,INV-202404-0000470,2024-04-27,2024-05-27,2024-04-01,2024-04-30,SEK,1293.04,323.26,1616.3,147.5,paid,2024-04-27
invoice_00000471,account_00000173,subscription_00000063,INV-202405-0000471,2024-05-01,2024-05-31,2024-05-01,2024-05-31,SEK,1314.29,328.57,1642.86,147.5,paid,2024-05-01
invoice_00000472,account_00000173,subscription_00000063,INV-202406-0000472,2024-06-01,2024-07-01,2024-06-01,2024-06-30,SEK,1320.53,330.13,1650.66,147.5,paid,2024-06-01
invoice_00000473,account_00000173,subscription_00000063,INV-202407-0000473,2024-07-01,2024-07-31,2024-07-01,2024-07-31,SEK,1332.31,333.08,1665.39,147.5,paid,2024-07-01
invoice_00000474,account_00000173,subscription_00000063,INV-202408-0000474,2024-08-01,2024-08-31,2024-08-01,2024-08-31,SEK,1352.16,338.04,1690.2,147.5,paid,2024-08-01
invoice_00000475,account_00000173,subscription_00000063,INV-202409-0000475,2024-09-01,2024-10-01,2024-09-01,2024-09-30,SEK,1384.08,346.02,1730.1,147.5,paid,2024-09-01
invoice_00000476,account_00000173,subscription_00000063,INV-202410-0000476,2024-10-01,2024-10-31,2024-10-01,2024-10-31,SEK,1411.43,352.86,1764.29,147.5,paid,2024-10-01
invoice_00000477,account_00000173,subscription_00000063,INV-202411-0000477,2024-11-01,2024-12-01,2024-11-01,2024-11-30,SEK,1348.94,337.24,1686.18,147.5,paid,2024-11-01
invoice_00000478,account_00000173,subscription_00000063,INV-202412-0000478,2024-12-01,2024-12-31,2024-12-01,2024-12-31,SEK,1364.29,341.07,1705.36,147.5,paid,2024-12-01
invoice_00000479,account_00000173,subscription_00000063,INV-202501-0000479,2025-01-01,2025-01-31,2025-01-01,2025-01-31,SEK,1351.49,337.87,1689.36,147.5,paid,2025-01-01
invoice_00000480,account_00000173,subscription_00000063,INV-202502-0000480,2025-02-01,2025-03-03,2025-02-01,2025-02-28,SEK,1371.31,342.83,1714.14,147.5,paid,2025-02-01
invoice_00000481,account_00000173,subscription_00000063,INV-202503-0000481,2025-03-01,2025-03-31,2025-03-01,2025-03-31,SEK,1387.61,346.9,1734.51,147.5,paid,2025-03-01
invoice_00000482,account_00000173,subscription_00000063,INV-202504-0000482,2025-04-01,2025-05-01,2025-04-01,2025-04-30,SEK,1483.55,370.89,1854.44,159.3,paid,2025-04-05
invoice_00000483,account_00000173,subscription_00000063,INV-202505-0000483,2025-05-01,2025-05-31,2025-05-01,2025-05-31,SEK,1473.23,368.31,1841.54,159.3,paid,2025-05-01
invoice_00000484,account_00000173,subscription_00000063,INV-202506-0000484,2025-06-01,2025-07-01,2025-06-01,2025-06-30,SEK,1437.76,359.44,1797.2,159.3,paid,2025-06-01
invoice_00000485,account_00000173,subscription_00000063,INV-202507-0000485,2025-07-01,2025-07-31,2025-07-01,2025-07-31,SEK,1210.06,302.51,1512.57,133.65,paid,2025-07-01
invoice_00000486,account_00000173,subscription_00000063,INV-202508-0000486,2025-08-01,2025-08-31,2025-08-01,2025-08-31,SEK,1226.63,306.66,1533.29,133.65,paid,2025-08-01
invoice_00000487,account_00000173,subscription_00000063,INV-202509-0000487,2025-09-01,2025-10-01,2025-09-01,2025-09-30,SEK,1242.98,310.75,1553.72,133.65,paid,2025-09-01
invoice_00000488,account_00000173,subscription_00000063,INV-202510-0000488,2025-10-01,2025-10-31,2025-10-01,2025-10-31,SEK,1275.27,318.82,1594.09,133.65,paid,2025-10-01
invoice_00000489,account_00000173,subscription_00000063,INV-202511-0000489,2025-11-01,2025-12-01,2025-11-01,2025-11-30,SEK,1283.68,320.92,1604.6,133.65,paid,2025-11-01
invoice_00000490,account_00000173,subscription_00000063,INV-202512-0000490,2025-12-01,2025-12-31,2025-12-01,2025-12-31,SEK,1258.68,314.67,1573.35,133.65,paid,2025-12-01
invoice_00000491,account_00000173,subscription_00000063,INV-202601-0000491,2026-01-01,2026-01-31,2026-01-01,2026-01-31,SEK,1240.82,310.2,1551.02,133.65,paid,2026-01-01
invoice_00000492,account_00000173,subscription_00000063,INV-202602-0000492,2026-02-01,2026-03-03,2026-02-01,2026-02-28,SEK,1221.38,305.35,1526.73,133.65,paid,2026-02-01
invoice_00000493,account_00000173,subscription_00000063,INV-202603-0000493,2026-03-01,2026-03-31,2026-03-01,2026-03-31,SEK,1216.98,304.25,1521.22,133.65,paid,2026-03-01
invoice_00000494,account_00000173,subscription_00000063,INV-202604-0000494,2026-04-01,2026-05-01,2026-04-01,2026-04-30,SEK,1198.18,299.55,1497.73,133.65,paid,2026-04-01
invoice_00000495,account_00000173,subscription_00000063,INV-202605-0000495,2026-05-01,2026-05-31,2026-05-01,2026-05-31,SEK,1207.28,301.82,1509.1,133.65,paid,2026-05-01
invoice_00000496,account_00000173,subscription_00000063,INV-202606-0000496,2026-06-01,2026-07-01,2026-06-01,2026-06-30,SEK,1205.44,301.36,1506.8,133.65,paid,2026-06-01
invoice_00000497,account_00000177,subscription_00000064,INV-202508-0000497,2025-08-22,2025-08-25,2025-08-01,2026-06-30,EUR,26293.2,5784.5,32077.7,32077.7,paid,2025-08-22
invoice_00000498,account_00000183,subscription_00000065,INV-202403-0000498,2024-03-04,2024-03-07,2024-03-01,2025-02-28,EUR,397.8,91.49,489.29,489.29,paid,2024-03-04
invoice_00000499,account_00000183,subscription_00000065,INV-202503-0000499,2025-03-01,2025-03-04,2025-03-01,2026-02-28,EUR,397.8,91.49,489.29,489.29,paid,2025-03-01
invoice_00000500,account_00000183,subscription_00000065,INV-202603-0000500,2026-03-01,2026-03-04,2026-03-01,2026-06-30,EUR,429.6,98.81,528.41,528.41,paid,2026-03-01
invoice_00000501,account_00000184,subscription_00000066,INV-202507-0000501,2025-07-19,2025-07-22,2025-07-01,2026-06-30,NOK,138109.44,34527.36,172636.8,13717.72,paid,2025-07-19
invoice_00000502,account_00000192,subscription_00000067,INV-202502-0000502,2025-02-02,2025-02-05,2025-02-01,2026-01-31,EUR,2843.76,540.31,3384.07,3384.07,paid,2025-02-02
invoice_00000503,account_00000192,subscription_00000067,INV-202602-0000503,2026-02-01,2026-02-04,2026-02-01,2026-06-30,EUR,3071.28,583.54,3654.82,3654.82,paid,2026-02-01
invoice_00000504,account_00000197,subscription_00000068,INV-202606-0000504,2026-06-16,2026-06-19,2026-06-01,2026-06-30,EUR,429.6,85.92,515.52,515.52,paid,2026-06-16
invoice_00000505,account_00000204,subscription_00000069,INV-202510-0000505,2025-10-16,2025-11-15,2025-10-01,2026-06-30,EUR,158558.04,34882.77,193440.81,193440.81,paid,2025-10-16
invoice_00000506,account_00000205,subscription_00000070,INV-202605-0000506,2026-05-05,2026-05-08,2026-05-01,2026-05-31,EUR,40.86,7.76,48.62,48.62,paid,2026-05-05
invoice_00000507,account_00000205,subscription_00000070,INV-202606-0000507,2026-06-01,2026-06-04,2026-06-01,2026-06-30,EUR,40.86,7.76,48.62,48.62,paid,2026-06-01
invoice_00000508,account_00000206,subscription_00000071,INV-202602-0000508,2026-02-04,2026-02-07,2026-02-01,2026-02-28,EUR,619.92,117.78,737.7,737.7,paid,2026-02-04
invoice_00000509,account_00000206,subscription_00000071,INV-202603-0000509,2026-03-01,2026-03-04,2026-03-01,2026-03-31,EUR,619.92,117.78,737.7,737.7,paid,2026-03-01
invoice_00000510,account_00000206,subscription_00000071,INV-202604-0000510,2026-04-01,2026-04-04,2026-04-01,2026-04-30,EUR,619.92,117.78,737.7,737.7,paid,2026-04-01
invoice_00000511,account_00000206,subscription_00000071,INV-202605-0000511,2026-05-01,2026-05-04,2026-05-01,2026-05-31,EUR,619.92,117.78,737.7,737.7,paid,2026-05-01
invoice_00000512,account_00000206,subscription_00000071,INV-202606-0000512,2026-06-01,2026-06-04,2026-06-01,2026-06-30,EUR,619.92,117.78,737.7,737.7,paid,2026-06-01
invoice_00000513,account_00000207,subscription_00000072,INV-202505-0000513,2025-05-22,2025-05-25,2025-05-01,2026-04-30,EUR,22094.16,4197.89,26292.05,26292.05,paid,2025-05-22
invoice_00000514,account_00000207,subscription_00000072,INV-202605-0000514,2026-05-01,2026-05-04,2026-05-01,2026-06-30,EUR,25155.84,4779.61,29935.45,29935.45,paid,2026-05-01
invoice_00000515,account_00000208,subscription_00000073,INV-202504-0000515,2025-04-07,2025-05-07,2025-04-01,2025-04-30,DKK,931.35,232.84,1164.19,179.4,paid,2025-04-07
invoice_00000516,account_00000208,subscription_00000073,INV-202505-0000516,2025-05-01,2025-05-31,2025-05-01,2025-05-31,DKK,917.8,229.45,1147.25,179.4,paid,2025-05-01
invoice_00000517,account_00000208,subscription_00000073,INV-202506-0000517,2025-06-01,2025-07-01,2025-06-01,2025-06-30,DKK,903.91,225.98,1129.89,179.4,paid,2025-06-01
invoice_00000518,account_00000208,subscription_00000073,INV-202507-0000518,2025-07-01,2025-07-31,2025-07-01,2025-07-31,DKK,862.51,215.63,1078.14,179.4,paid,2025-07-01
invoice_00000519,account_00000208,subscription_00000073,INV-202508-0000519,2025-08-01,2025-08-31,2025-08-01,2025-08-31,DKK,864.64,216.16,1080.8,179.4,paid,2025-08-01
invoice_00000520,account_00000208,subscription_00000073,INV-202509-0000520,2025-09-01,2025-10-01,2025-09-01,2025-09-30,DKK,864.41,216.1,1080.51,179.4,paid,2025-09-01
invoice_00000521,account_00000208,subscription_00000073,INV-202510-0000521,2025-10-01,2025-10-31,2025-10-01,2025-10-31,DKK,856.84,214.21,1071.05,179.4,paid,2025-10-01
invoice_00000522,account_00000208,subscription_00000073,INV-202511-0000522,2025-11-01,2025-12-01,2025-11-01,2025-11-30,DKK,856.84,214.21,1071.05,179.4,paid,2025-11-01
invoice_00000523,account_00000208,subscription_00000073,INV-202512-0000523,2025-12-01,2025-12-31,2025-12-01,2025-12-31,DKK,862.9,215.72,1078.62,179.4,paid,2025-12-01
invoice_00000524,account_00000208,subscription_00000073,INV-202601-0000524,2026-01-01,2026-01-31,2026-01-01,2026-01-31,DKK,856.84,214.21,1071.05,179.4,paid,2026-01-01
invoice_00000525,account_00000208,subscription_00000073,INV-202602-0000525,2026-02-01,2026-03-03,2026-02-01,2026-02-28,DKK,867.56,216.89,1084.45,179.4,paid,2026-02-01
invoice_00000526,account_00000208,subscription_00000073,INV-202603-0000526,2026-03-01,2026-03-31,2026-03-01,2026-03-31,DKK,856.84,214.21,1071.05,179.4,paid,2026-03-01
invoice_00000527,account_00000208,subscription_00000073,INV-202604-0000527,2026-04-01,2026-05-01,2026-04-01,2026-04-30,DKK,856.84,214.21,1071.05,179.4,paid,2026-04-01
invoice_00000528,account_00000208,subscription_00000073,INV-202605-0000528,2026-05-01,2026-05-31,2026-05-01,2026-05-31,DKK,856.84,214.21,1071.05,179.4,paid,2026-05-01
invoice_00000529,account_00000208,subscription_00000073,INV-202606-0000529,2026-06-01,2026-07-01,2026-06-01,2026-06-30,DKK,883.45,220.86,1104.31,179.4,paid,2026-06-01
invoice_00000530,account_00000213,subscription_00000074,INV-202606-0000530,2026-06-29,2026-07-02,2026-06-01,2026-06-30,EUR,18215.04,4007.31,22222.35,22222.35,paid,2026-06-29
invoice_00000531,account_00000221,subscription_00000075,INV-202510-0000531,2025-10-20,2025-11-19,2025-10-01,2026-06-30,EUR,3878.88,814.56,4693.44,4693.44,paid,2025-10-20
invoice_00000532,account_00000222,subscription_00000076,INV-202502-0000532,2025-02-20,2025-03-22,2025-02-01,2025-02-28,EUR,1051.0,199.69,1250.69,1250.69,paid,2025-02-20
invoice_00000533,account_00000222,subscription_00000076,INV-202503-0000533,2025-03-01,2025-03-31,2025-03-01,2025-03-31,EUR,1051.0,199.69,1250.69,1250.69,paid,2025-03-09
invoice_00000534,account_00000222,subscription_00000076,INV-202504-0000534,2025-04-01,2025-05-01,2025-04-01,2025-04-30,EUR,1222.56,232.29,1454.85,1454.85,paid,2025-04-01
invoice_00000535,account_00000222,subscription_00000076,INV-202505-0000535,2025-05-01,2025-05-31,2025-05-01,2025-05-31,EUR,1222.56,232.29,1454.85,1454.85,paid,2025-05-01
invoice_00000536,account_00000222,subscription_00000076,INV-202506-0000536,2025-06-01,2025-07-01,2025-06-01,2025-06-30,EUR,1222.56,232.29,1454.85,1454.85,paid,2025-06-01
invoice_00000537,account_00000222,subscription_00000076,INV-202507-0000537,2025-07-01,2025-07-31,2025-07-01,2025-07-31,EUR,1420.56,269.91,1690.47,1690.47,paid,2025-07-01
invoice_00000538,account_00000222,subscription_00000076,INV-202508-0000538,2025-08-01,2025-08-31,2025-08-01,2025-08-31,EUR,1819.56,345.72,2165.28,2165.28,paid,2025-08-01
invoice_00000539,account_00000222,subscription_00000076,INV-202509-0000539,2025-09-01,2025-10-01,2025-09-01,2025-09-30,EUR,1819.56,345.72,2165.28,2165.28,paid,2025-09-01
invoice_00000540,account_00000222,subscription_00000076,INV-202510-0000540,2025-10-01,2025-10-31,2025-10-01,2025-10-31,EUR,1819.56,345.72,2165.28,2165.28,paid,2025-10-01
invoice_00000541,account_00000222,subscription_00000076,INV-202511-0000541,2025-11-01,2025-12-01,2025-11-01,2025-11-30,EUR,1819.56,345.72,2165.28,2165.28,paid,2025-11-01
invoice_00000542,account_00000222,subscription_00000076,INV-202512-0000542,2025-12-01,2025-12-31,2025-12-01,2025-12-31,EUR,1819.56,345.72,2165.28,2165.28,paid,2025-12-01
invoice_00000543,account_00000222,subscription_00000076,INV-202601-0000543,2026-01-01,2026-01-31,2026-01-01,2026-01-31,EUR,1819.56,345.72,2165.28,2165.28,paid,2026-01-01
invoice_00000544,account_00000222,subscription_00000076,INV-202602-0000544,2026-02-01,2026-03-03,2026-02-01,2026-02-28,EUR,1819.56,345.72,2165.28,2165.28,paid,2026-02-01
invoice_00000545,account_00000222,subscription_00000076,INV-202603-0000545,2026-03-01,2026-03-31,2026-03-01,2026-03-31,EUR,1819.56,345.72,2165.28,2165.28,paid,2026-03-01
invoice_00000546,account_00000222,subscription_00000076,INV-202604-0000546,2026-04-01,2026-05-01,2026-04-01,2026-04-30,EUR,1819.56,345.72,2165.28,2165.28,paid,2026-04-01
invoice_00000547,account_00000222,subscription_00000076,INV-202605-0000547,2026-05-01,2026-05-31,2026-05-01,2026-05-31,EUR,1819.56,345.72,2165.28,2165.28,paid,2026-05-01
invoice_00000548,account_00000222,subscription_00000076,INV-202606-0000548,2026-06-01,2026-07-01,2026-06-01,2026-06-30,EUR,1819.56,345.72,2165.28,2165.28,paid,2026-06-01
invoice_00000549,account_00000228,subscription_00000077,INV-202504-0000549,2025-04-30,2025-05-03,2025-04-01,2025-04-30,EUR,106.92,20.31,127.23,127.23,paid,2025-05-02
invoice_00000550,account_00000228,subscription_00000077,INV-202505-0000550,2025-05-01,2025-05-04,2025-05-01,2025-05-31,EUR,106.92,20.31,127.23,127.23,paid,2025-05-01
invoice_00000551,account_00000228,subscription_00000077,INV-202506-0000551,2025-06-01,2025-06-04,2025-06-01,2025-06-30,EUR,106.92,20.31,127.23,127.23,paid,2025-06-01
invoice_00000552,account_00000228,subscription_00000077,INV-202507-0000552,2025-07-01,2025-07-04,2025-07-01,2025-07-31,EUR,106.92,20.31,127.23,127.23,paid,2025-07-01
invoice_00000553,account_00000228,subscription_00000077,INV-202508-0000553,2025-08-01,2025-08-04,2025-08-01,2025-08-31,EUR,106.92,20.31,127.23,127.23,paid,2025-08-01
invoice_00000554,account_00000228,subscription_00000077,INV-202509-0000554,2025-09-01,2025-09-04,2025-09-01,2025-09-30,EUR,106.92,20.31,127.23,127.23,paid,2025-09-01
invoice_00000555,account_00000228,subscription_00000077,INV-202510-0000555,2025-10-01,2025-10-04,2025-10-01,2025-10-31,EUR,106.92,20.31,127.23,127.23,paid,2025-10-01
invoice_00000556,account_00000228,subscription_00000077,INV-202511-0000556,2025-11-01,2025-11-04,2025-11-01,2025-11-30,EUR,106.92,20.31,127.23,127.23,paid,2025-11-01
invoice_00000557,account_00000228,subscription_00000077,INV-202512-0000557,2025-12-01,2025-12-04,2025-12-01,2025-12-31,EUR,106.92,20.31,127.23,127.23,paid,2025-12-01
invoice_00000558,account_00000228,subscription_00000077,INV-202601-0000558,2026-01-01,2026-01-04,2026-01-01,2026-01-31,EUR,106.92,20.31,127.23,127.23,paid,2026-01-01
invoice_00000559,account_00000228,subscription_00000077,INV-202602-0000559,2026-02-01,2026-02-04,2026-02-01,2026-02-28,EUR,106.92,20.31,127.23,127.23,paid,2026-02-01
invoice_00000560,account_00000228,subscription_00000077,INV-202603-0000560,2026-03-01,2026-03-04,2026-03-01,2026-03-31,EUR,106.92,20.31,127.23,127.23,paid,2026-03-01
invoice_00000561,account_00000228,subscription_00000077,INV-202604-0000561,2026-04-01,2026-04-04,2026-04-01,2026-04-30,EUR,106.92,20.31,127.23,127.23,paid,2026-04-01
invoice_00000562,account_00000228,subscription_00000077,INV-202605-0000562,2026-05-01,2026-05-04,2026-05-01,2026-05-31,EUR,106.92,20.31,127.23,127.23,paid,2026-05-01
invoice_00000563,account_00000228,subscription_00000077,INV-202606-0000563,2026-06-01,2026-06-04,2026-06-01,2026-06-30,EUR,106.92,20.31,127.23,127.23,paid,2026-06-01
invoice_00000564,account_00000229,subscription_00000078,INV-202405-0000564,2024-05-22,2024-05-25,2024-05-01,2025-04-30,GBP,546.0,109.2,655.2,771.16,paid,2024-05-22
invoice_00000565,account_00000229,subscription_00000078,INV-202505-0000565,2025-05-01,2025-05-04,2025-05-01,2026-04-30,GBP,476.88,95.38,572.26,674.26,paid,2025-05-01
invoice_00000566,account_00000229,subscription_00000078,INV-202605-0000566,2026-05-01,2026-05-04,2026-05-01,2026-06-30,GBP,481.8,96.36,578.16,674.12,paid,2026-05-01
invoice_00000567,account_00000230,subscription_00000079,INV-202604-0000567,2026-04-12,2026-04-15,2026-04-01,2026-06-30,PLN,1705.8,392.33,2098.13,528.44,paid,2026-04-12
invoice_00000568,account_00000234,subscription_00000080,INV-202409-0000568,2024-09-28,2024-10-28,2024-09-01,2025-08-31,EUR,12047.52,2650.45,14697.97,14697.97,paid,2024-09-28
invoice_00000569,account_00000234,subscription_00000080,INV-202509-0000569,2025-09-01,2025-10-01,2025-09-01,2026-06-30,EUR,10617.84,2335.92,12953.76,12953.76,paid,2025-09-01
invoice_00000570,account_00000244,subscription_00000081,INV-202409-0000570,2024-09-08,2024-10-08,2024-09-01,2025-08-31,EUR,2523.96,530.03,3053.99,3053.99,paid,2024-09-08
invoice_00000571,account_00000244,subscription_00000081,INV-202509-0000571,2025-09-01,2025-10-01,2025-09-01,2026-06-30,EUR,2725.92,572.44,3298.36,3298.36,paid,2025-09-01
invoice_00000572,account_00000245,subscription_00000082,INV-202605-0000572,2026-05-26,2026-06-25,2026-05-01,2026-06-30,EUR,1999.8,419.96,2419.76,2419.76,paid,2026-05-26
invoice_00000573,account_00000247,subscription_00000083,INV-202604-0000573,2026-04-22,2026-04-25,2026-04-01,2026-06-30,EUR,1254.0,250.8,1504.8,1504.8,paid,2026-04-22
