campaign_id,campaign_name,channel,country_code,start_date,end_date,spend_local,currency_code,spend_eur
campaign_00000001,DE-partner-202401,partner,DE,2024-01-01,2024-01-31,2803.66,EUR,2803.66
campaign_00000002,DE-events-202401,events,DE,2024-01-01,2024-01-31,2859.8,EUR,2859.8
campaign_00000003,AT-partner-202401,partner,AT,2024-01-01,2024-01-31,4241.23,EUR,4241.23
campaign_00000004,CH-paid_search-202401,paid_search,CH,2024-01-01,2024-01-31,11384.34,CHF,11839.71
campaign_00000005,CH-events-202401,events,CH,2024-01-01,2024-01-31,3222.63,CHF,3351.53
campaign_00000006,NL-partner-202401,partner,NL,2024-01-01,2024-01-31,4118.65,EUR,4118.65
campaign_00000007,NL-paid_social-202401,paid_social,NL,2024-01-01,2024-01-31,1933.45,EUR,1933.45
campaign_00000008,BE-paid_search-202401,paid_search,BE,2024-01-01,2024-01-31,4570.87,EUR,4570.87
campaign_00000009,BE-partner-202401,partner,BE,2024-01-01,2024-01-31,4964.75,EUR,4964.75
campaign_00000010,FR-paid_search-202401,paid_search,FR,2024-01-01,2024-01-31,2527.09,EUR,2527.09
campaign_00000011,GB-events-202401,events,GB,2024-01-01,2024-01-31,4141.23,GBP,4845.24
campaign_00000012,GB-partner-202401,partner,GB,2024-01-01,2024-01-31,2409.89,GBP,2819.58
campaign_00000013,IE-partner-202401,partner,IE,2024-01-01,2024-01-31,12413.93,EUR,12413.93
campaign_00000014,ES-events-202401,events,ES,2024-01-01,2024-01-31,8094.05,EUR,8094.05
campaign_00000015,ES-paid_social-202401,paid_social,ES,2024-01-01,2024-01-31,5809.21,EUR,5809.21
campaign_00000016,IT-paid_search-202401,paid_search,IT,2024-01-01,2024-01-31,4695.91,EUR,4695.91
campaign_00000017,IT-partner-202401,partner,IT,2024-01-01,2024-01-31,6294.6,EUR,6294.6
campaign_00000018,SE-events-202401,events,SE,2024-01-01,2024-01-31,19574.76,SEK,1722.58
campaign_00000019,DK-paid_social-202401,paid_social,DK,2024-01-01,2024-01-31,26638.26,DKK,3569.53
campaign_00000020,DK-partner-202401,partner,DK,2024-01-01,2024-01-31,12448.08,DKK,1668.04
campaign_00000021,PL-paid_search-202401,paid_search,PL,2024-01-01,2024-01-31,34888.16,PLN,8024.28
campaign_00000022,CZ-partner-202401,partner,CZ,2024-01-01,2024-01-31,79993.15,CZK,3199.73
campaign_00000023,CZ-paid_search-202401,paid_search,CZ,2024-01-01,2024-01-31,126791.09,CZK,5071.64
campaign_00000024,AT-events-202402,events,AT,2024-02-01,2024-02-29,2607.21,EUR,2607.21
campaign_00000025,NL-paid_search-202402,paid_search,NL,2024-02-01,2024-02-29,12038.53,EUR,12038.53
campaign_00000026,NL-partner-202402,partner,NL,2024-02-01,2024-02-29,3345.51,EUR,3345.51
campaign_00000027,BE-paid_social-202402,paid_social,BE,2024-02-01,2024-02-29,4271.63,EUR,4271.63
campaign_00000028,BE-events-202402,events,BE,2024-02-01,2024-02-29,9608.76,EUR,9608.76
campaign_00000029,FR-paid_social-202402,paid_social,FR,2024-02-01,2024-02-29,4019.62,EUR,4019.62
campaign_00000030,GB-paid_social-202402,paid_social,GB,2024-02-01,2024-02-29,2263.82,GBP,2648.67
campaign_00000031,IE-paid_search-202402,paid_search,IE,2024-02-01,2024-02-29,3100.83,EUR,3100.83
campaign_00000032,IE-paid_social-202402,paid_social,IE,2024-02-01,2024-02-29,3309.5,EUR,3309.5
campaign_00000033,ES-paid_search-202402,paid_search,ES,2024-02-01,2024-02-29,3160.75,EUR,3160.75
campaign_00000034,ES-events-202402,events,ES,2024-02-01,2024-02-29,1902.29,EUR,1902.29
campaign_00000035,IT-events-202402,events,IT,2024-02-01,2024-02-29,3970.68,EUR,3970.68
campaign_00000036,IT-paid_social-202402,paid_social,IT,2024-02-01,2024-02-29,2153.24,EUR,2153.24
campaign_00000037,SE-events-202402,events,SE,2024-02-01,2024-02-29,83595.21,SEK,7356.38
campaign_00000038,DK-paid_social-202402,paid_social,DK,2024-02-01,2024-02-29,25984.42,DKK,3481.91
campaign_00000039,DK-events-202402,events,DK,2024-02-01,2024-02-29,44091.97,DKK,5908.32
campaign_00000040,NO-paid_search-202402,paid_search,NO,2024-02-01,2024-02-29,57028.46,NOK,4904.45
campaign_00000041,PL-events-202402,events,PL,2024-02-01,2024-02-29,59321.4,PLN,13643.92
campaign_00000042,PL-paid_search-202402,paid_search,PL,2024-02-01,2024-02-29,9325.14,PLN,2144.78
campaign_00000043,CZ-paid_social-202402,paid_social,CZ,2024-02-01,2024-02-29,43824.42,CZK,1752.98
campaign_00000044,DE-events-202403,events,DE,2024-03-01,2024-03-31,6605.05,EUR,6605.05
campaign_00000045,DE-paid_search-202403,paid_search,DE,2024-03-01,2024-03-31,3379.57,EUR,3379.57
campaign_00000046,CH-paid_social-202403,paid_social,CH,2024-03-01,2024-03-31,2185.7,CHF,2273.13
campaign_00000047,NL-paid_search-202403,paid_search,NL,2024-03-01,2024-03-31,10531.91,EUR,10531.91
campaign_00000048,BE-partner-202403,partner,BE,2024-03-01,2024-03-31,1881.96,EUR,1881.96
campaign_00000049,BE-paid_social-202403,paid_social,BE,2024-03-01,2024-03-31,4142.94,EUR,4142.94
campaign_00000050,GB-partner-202403,partner,GB,2024-03-01,2024-03-31,3696.81,GBP,4325.27
campaign_00000051,ES-partner-202403,partner,ES,2024-03-01,2024-03-31,3188.13,EUR,3188.13
campaign_00000052,IT-partner-202403,partner,IT,2024-03-01,2024-03-31,5271.76,EUR,5271.76
campaign_00000053,CZ-partner-202403,partner,CZ,2024-03-01,2024-03-31,113493.24,CZK,4539.73
campaign_00000054,DE-paid_social-202404,paid_social,DE,2024-04-01,2024-04-30,4017.66,EUR,4017.66
campaign_00000055,AT-paid_social-202404,paid_social,AT,2024-04-01,2024-04-30,4593.66,EUR,4593.66
campaign_00000056,AT-partner-202404,partner,AT,2024-04-01,2024-04-30,4731.34,EUR,4731.34
campaign_00000057,CH-partner-202404,partner,CH,2024-04-01,2024-04-30,3540.4,CHF,3682.02
campaign_00000058,BE-events-202404,events,BE,2024-04-01,2024-04-30,2131.53,EUR,2131.53
campaign_00000059,FR-paid_social-202404,paid_social,FR,2024-04-01,2024-04-30,1953.38,EUR,1953.38
campaign_00000060,FR-events-202404,events,FR,2024-04-01,2024-04-30,3709.16,EUR,3709.16
campaign_00000061,ES-paid_social-202404,paid_social,ES,2024-04-01,2024-04-30,5194.78,EUR,5194.78
campaign_00000062,ES-events-202404,events,ES,2024-04-01,2024-04-30,4499.39,EUR,4499.39
campaign_00000063,SE-paid_search-202404,paid_search,SE,2024-04-01,2024-04-30,39784.8,SEK,3501.06
campaign_00000064,DK-paid_social-202404,paid_social,DK,2024-04-01,2024-04-30,12890.87,DKK,1727.38
campaign_00000065,NO-paid_search-202404,paid_search,NO,2024-04-01,2024-04-30,38939.28,NOK,3348.78
campaign_00000066,PL-events-202404,events,PL,2024-04-01,2024-04-30,25459.9,PLN,5855.78
campaign_00000067,PL-paid_search-202404,paid_search,PL,2024-04-01,2024-04-30,19162.69,PLN,4407.42
campaign_00000068,DE-events-202405,events,DE,2024-05-01,2024-05-31,2390.62,EUR,2390.62
campaign_00000069,CH-paid_search-202405,paid_search,CH,2024-05-01,2024-05-31,1493.99,CHF,1553.75
campaign_00000070,CH-events-202405,events,CH,2024-05-01,2024-05-31,6670.24,CHF,6937.05
campaign_00000071,BE-events-202405,events,BE,2024-05-01,2024-05-31,4479.95,EUR,4479.95
campaign_00000072,FR-paid_search-202405,paid_search,FR,2024-05-01,2024-05-31,13359.71,EUR,13359.71
campaign_00000073,GB-paid_social-202405,paid_social,GB,2024-05-01,2024-05-31,1921.1,GBP,2247.69
campaign_00000074,GB-paid_search-202405,paid_search,GB,2024-05-01,2024-05-31,2029.38,GBP,2374.38
campaign_00000075,IE-partner-202405,partner,IE,2024-05-01,2024-05-31,2744.67,EUR,2744.67
campaign_00000076,ES-paid_search-202405,paid_search,ES,2024-05-01,2024-05-31,1912.93,EUR,1912.93
campaign_00000077,IT-events-202405,events,IT,2024-05-01,2024-05-31,3199.31,EUR,3199.31
campaign_00000078,IT-partner-202405,partner,IT,2024-05-01,2024-05-31,2178.54,EUR,2178.54
campaign_00000079,SE-events-202405,events,SE,2024-05-01,2024-05-31,47049.41,SEK,4140.35
campaign_00000080,DK-paid_social-202405,paid_social,DK,2024-05-01,2024-05-31,28837.66,DKK,3864.25
campaign_00000081,DK-events-202405,events,DK,2024-05-01,2024-05-31,30279.64,DKK,4057.47
campaign_00000082,PL-events-202405,events,PL,2024-05-01,2024-05-31,6103.59,PLN,1403.83
campaign_00000083,CZ-paid_search-202405,paid_search,CZ,2024-05-01,2024-05-31,102459.34,CZK,4098.37
campaign_00000084,CZ-paid_social-202405,paid_social,CZ,2024-05-01,2024-05-31,145313.03,CZK,5812.52
campaign_00000085,DE-paid_search-202406,paid_search,DE,2024-06-01,2024-06-30,3083.43,EUR,3083.43
campaign_00000086,NL-events-202406,events,NL,2024-06-01,2024-06-30,3076.55,EUR,3076.55
campaign_00000087,FR-partner-202406,partner,FR,2024-06-01,2024-06-30,2232.96,EUR,2232.96
campaign_00000088,GB-events-202406,events,GB,2024-06-01,2024-06-30,8028.17,GBP,9392.96
campaign_00000089,GB-paid_social-202406,paid_social,GB,2024-06-01,2024-06-30,3960.36,GBP,4633.62
campaign_00000090,ES-paid_social-202406,paid_social,ES,2024-06-01,2024-06-30,15051.94,EUR,15051.94
campaign_00000091,ES-partner-202406,partner,ES,2024-06-01,2024-06-30,2276.59,EUR,2276.59
campaign_00000092,IT-paid_search-202406,paid_search,IT,2024-06-01,2024-06-30,1766.19,EUR,1766.19
campaign_00000093,SE-paid_search-202406,paid_search,SE,2024-06-01,2024-06-30,50717.26,SEK,4463.12
campaign_00000094,SE-paid_social-202406,paid_social,SE,2024-06-01,2024-06-30,51955.27,SEK,4572.06
campaign_00000095,DK-events-202406,events,DK,2024-06-01,2024-06-30,58679.6,DKK,7863.07
campaign_00000096,DK-paid_social-202406,paid_social,DK,2024-06-01,2024-06-30,66196.89,DKK,8870.38
campaign_00000097,NO-paid_social-202406,paid_social,NO,2024-06-01,2024-06-30,13014.87,NOK,1119.28
campaign_00000098,PL-paid_social-202406,paid_social,PL,2024-06-01,2024-06-30,14432.94,PLN,3319.58
campaign_00000099,PL-paid_search-202406,paid_search,PL,2024-06-01,2024-06-30,47902.0,PLN,11017.46
campaign_00000100,AT-paid_search-202407,paid_search,AT,2024-07-01,2024-07-31,2630.25,EUR,2630.25
campaign_00000101,CH-paid_search-202407,paid_search,CH,2024-07-01,2024-07-31,6607.06,CHF,6871.34
campaign_00000102,BE-partner-202407,partner,BE,2024-07-01,2024-07-31,2868.54,EUR,2868.54
campaign_00000103,GB-events-202407,events,GB,2024-07-01,2024-07-31,2800.49,GBP,3276.57
campaign_00000104,IT-partner-202407,partner,IT,2024-07-01,2024-07-31,3068.7,EUR,3068.7
campaign_00000105,IT-paid_search-202407,paid_search,IT,2024-07-01,2024-07-31,1805.12,EUR,1805.12
campaign_00000106,DK-paid_social-202407,paid_social,DK,2024-07-01,2024-07-31,14958.95,DKK,2004.5
campaign_00000107,DK-events-202407,events,DK,2024-07-01,2024-07-31,15545.11,DKK,2083.05
campaign_00000108,NO-paid_search-202407,paid_search,NO,2024-07-01,2024-07-31,36019.6,NOK,3097.69
campaign_00000109,NO-paid_social-202407,paid_social,NO,2024-07-01,2024-07-31,21319.74,NOK,1833.5
campaign_00000110,CZ-paid_search-202407,paid_search,CZ,2024-07-01,2024-07-31,46023.2,CZK,1840.93
campaign_00000111,AT-paid_social-202408,paid_social,AT,2024-08-01,2024-08-31,4790.1,EUR,4790.1
campaign_00000112,AT-events-202408,events,AT,2024-08-01,2024-08-31,3237.98,EUR,3237.98
campaign_00000113,CH-paid_social-202408,paid_social,CH,2024-08-01,2024-08-31,3547.79,CHF,3689.7
campaign_00000114,NL-paid_search-202408,paid_search,NL,2024-08-01,2024-08-31,8625.11,EUR,8625.11
campaign_00000115,GB-paid_social-202408,paid_social,GB,2024-08-01,2024-08-31,2443.94,GBP,2859.41
campaign_00000116,GB-paid_search-202408,paid_search,GB,2024-08-01,2024-08-31,3627.35,GBP,4244.0
campaign_00000117,IE-paid_social-202408,paid_social,IE,2024-08-01,2024-08-31,2969.5,EUR,2969.5
campaign_00000118,IE-partner-202408,partner,IE,2024-08-01,2024-08-31,3536.96,EUR,3536.96
campaign_00000119,ES-partner-202408,partner,ES,2024-08-01,2024-08-31,3269.77,EUR,3269.77
campaign_00000120,ES-events-202408,events,ES,2024-08-01,2024-08-31,3205.88,EUR,3205.88
campaign_00000121,IT-paid_social-202408,paid_social,IT,2024-08-01,2024-08-31,4040.64,EUR,4040.64
campaign_00000122,SE-paid_search-202408,paid_search,SE,2024-08-01,2024-08-31,29811.55,SEK,2623.42
campaign_00000123,SE-events-202408,events,SE,2024-08-01,2024-08-31,14472.42,SEK,1273.57
campaign_00000124,DK-events-202408,events,DK,2024-08-01,2024-08-31,20650.46,DKK,2767.16
campaign_00000125,NO-paid_social-202408,paid_social,NO,2024-08-01,2024-08-31,32580.67,NOK,2801.94
campaign_00000126,CZ-partner-202408,partner,CZ,2024-08-01,2024-08-31,133346.33,CZK,5333.85
campaign_00000127,CZ-events-202408,events,CZ,2024-08-01,2024-08-31,37611.49,CZK,1504.46
campaign_00000128,DE-partner-202409,partner,DE,2024-09-01,2024-09-30,3880.01,EUR,3880.01
campaign_00000129,DE-events-202409,events,DE,2024-09-01,2024-09-30,1231.8,EUR,1231.8
campaign_00000130,AT-partner-202409,partner,AT,2024-09-01,2024-09-30,2951.06,EUR,2951.06
campaign_00000131,AT-events-202409,events,AT,2024-09-01,2024-09-30,4276.51,EUR,4276.51
campaign_00000132,CH-paid_search-202409,paid_search,CH,2024-09-01,2024-09-30,2262.92,CHF,2353.44
campaign_00000133,NL-events-202409,events,NL,2024-09-01,2024-09-30,4766.38,EUR,4766.38
campaign_00000134,FR-partner-202409,partner,FR,2024-09-01,2024-09-30,2433.88,EUR,2433.88
campaign_00000135,ES-events-202409,events,ES,2024-09-01,2024-09-30,6765.98,EUR,6765.98
campaign_00000136,SE-paid_search-202409,paid_search,SE,2024-09-01,2024-09-30,73283.76,SEK,6448.97
campaign_00000137,SE-partner-202409,partner,SE,2024-09-01,2024-09-30,14929.6,SEK,1313.8
campaign_00000138,DK-paid_search-202409,paid_search,DK,2024-09-01,2024-09-30,24478.46,DKK,3280.11
campaign_00000139,NO-paid_search-202409,paid_search,NO,2024-09-01,2024-09-30,21107.57,NOK,1815.25
campaign_00000140,NO-partner-202409,partner,NO,2024-09-01,2024-09-30,28034.47,NOK,2410.96
campaign_00000141,DE-events-202410,events,DE,2024-10-01,2024-10-31,4488.73,EUR,4488.73
campaign_00000142,AT-paid_search-202410,paid_search,AT,2024-10-01,2024-10-31,3536.06,EUR,3536.06
campaign_00000143,AT-events-202410,events,AT,2024-10-01,2024-10-31,4228.22,EUR,4228.22
campaign_00000144,CH-paid_social-202410,paid_social,CH,2024-10-01,2024-10-31,6130.81,CHF,6376.04
campaign_00000145,CH-paid_search-202410,paid_search,CH,2024-10-01,2024-10-31,5784.75,CHF,6016.14
campaign_00000146,NL-events-202410,events,NL,2024-10-01,2024-10-31,1409.79,EUR,1409.79
campaign_00000147,BE-partner-202410,partner,BE,2024-10-01,2024-10-31,6286.34,EUR,6286.34
campaign_00000148,GB-paid_search-202410,paid_search,GB,2024-10-01,2024-10-31,1929.67,GBP,2257.71
campaign_00000149,GB-events-202410,events,GB,2024-10-01,2024-10-31,3418.46,GBP,3999.6
campaign_00000150,IE-paid_search-202410,paid_search,IE,2024-10-01,2024-10-31,2616.46,EUR,2616.46
campaign_00000151,SE-partner-202410,partner,SE,2024-10-01,2024-10-31,31612.0,SEK,2781.86
campaign_00000152,SE-events-202410,events,SE,2024-10-01,2024-10-31,35001.64,SEK,3080.14
campaign_00000153,NO-paid_social-202410,paid_social,NO,2024-10-01,2024-10-31,87215.74,NOK,7500.55
campaign_00000154,PL-paid_social-202410,paid_social,PL,2024-10-01,2024-10-31,10547.15,PLN,2425.84
campaign_00000155,PL-paid_search-202410,paid_search,PL,2024-10-01,2024-10-31,27513.45,PLN,6328.09
campaign_00000156,CZ-partner-202410,partner,CZ,2024-10-01,2024-10-31,88437.43,CZK,3537.5
campaign_00000157,DE-events-202411,events,DE,2024-11-01,2024-11-30,4532.47,EUR,4532.47
campaign_00000158,AT-partner-202411,partner,AT,2024-11-01,2024-11-30,3021.65,EUR,3021.65
campaign_00000159,CH-paid_search-202411,paid_search,CH,2024-11-01,2024-11-30,2755.75,CHF,2865.98
campaign_00000160,BE-events-202411,events,BE,2024-11-01,2024-11-30,5851.27,EUR,5851.27
campaign_00000161,GB-paid_search-202411,paid_search,GB,2024-11-01,2024-11-30,4985.71,GBP,5833.28
campaign_00000162,GB-partner-202411,partner,GB,2024-11-01,2024-11-30,6654.89,GBP,7786.22
campaign_00000163,IE-paid_search-202411,paid_search,IE,2024-11-01,2024-11-30,3897.06,EUR,3897.06
campaign_00000164,ES-paid_search-202411,paid_search,ES,2024-11-01,2024-11-30,2410.43,EUR,2410.43
campaign_00000165,ES-partner-202411,partner,ES,2024-11-01,2024-11-30,1482.77,EUR,1482.77
campaign_00000166,DK-events-202411,events,DK,2024-11-01,2024-11-30,15773.89,DKK,2113.7
campaign_00000167,DK-paid_social-202411,paid_social,DK,2024-11-01,2024-11-30,7072.77,DKK,947.75
campaign_00000168,NO-paid_search-202411,paid_search,NO,2024-11-01,2024-11-30,27505.9,NOK,2365.51
campaign_00000169,NO-partner-202411,partner,NO,2024-11-01,2024-11-30,48303.04,NOK,4154.06
campaign_00000170,PL-paid_search-202411,paid_search,PL,2024-11-01,2024-11-30,18133.58,PLN,4170.72
campaign_00000171,PL-paid_social-202411,paid_social,PL,2024-11-01,2024-11-30,33593.5,PLN,7726.5
campaign_00000172,DE-events-202412,events,DE,2024-12-01,2024-12-31,1342.98,EUR,1342.98
campaign_00000173,DE-partner-202412,partner,DE,2024-12-01,2024-12-31,3159.09,EUR,3159.09
campaign_00000174,AT-partner-202412,partner,AT,2024-12-01,2024-12-31,1968.32,EUR,1968.32
campaign_00000175,AT-paid_social-202412,paid_social,AT,2024-12-01,2024-12-31,4788.27,EUR,4788.27
campaign_00000176,CH-paid_search-202412,paid_search,CH,2024-12-01,2024-12-31,8253.7,CHF,8583.85
campaign_00000177,FR-partner-202412,partner,FR,2024-12-01,2024-12-31,1966.11,EUR,1966.11
campaign_00000178,ES-paid_social-202412,paid_social,ES,2024-12-01,2024-12-31,1906.32,EUR,1906.32
campaign_00000179,ES-paid_search-202412,paid_search,ES,2024-12-01,2024-12-31,6233.59,EUR,6233.59
campaign_00000180,DK-paid_social-202412,paid_social,DK,2024-12-01,2024-12-31,24744.42,DKK,3315.75
campaign_00000181,PL-events-202412,events,PL,2024-12-01,2024-12-31,10511.63,PLN,2417.67
campaign_00000182,CZ-paid_social-202412,paid_social,CZ,2024-12-01,2024-12-31,245624.25,CZK,9824.97
campaign_00000183,DE-paid_social-202501,paid_social,DE,2025-01-01,2025-01-31,6728.53,EUR,6728.53
campaign_00000184,DE-partner-202501,partner,DE,2025-01-01,2025-01-31,2903.82,EUR,2903.82
campaign_00000185,AT-paid_search-202501,paid_search,AT,2025-01-01,2025-01-31,3833.05,EUR,3833.05
campaign_00000186,AT-paid_social-202501,paid_social,AT,2025-01-01,2025-01-31,6020.92,EUR,6020.92
campaign_00000187,FR-paid_social-202501,paid_social,FR,2025-01-01,2025-01-31,3988.55,EUR,3988.55
campaign_00000188,FR-paid_search-202501,paid_search,FR,2025-01-01,2025-01-31,4578.79,EUR,4578.79
campaign_00000189,ES-paid_search-202501,paid_search,ES,2025-01-01,2025-01-31,3333.22,EUR,3333.22
campaign_00000190,ES-events-202501,events,ES,2025-01-01,2025-01-31,6857.84,EUR,6857.84
campaign_00000191,SE-events-202501,events,SE,2025-01-01,2025-01-31,18363.34,SEK,1615.97
campaign_00000192,NO-paid_social-202501,paid_social,NO,2025-01-01,2025-01-31,17959.46,NOK,1544.51
campaign_00000193,PL-paid_search-202501,paid_search,PL,2025-01-01,2025-01-31,18331.9,PLN,4216.34
campaign_00000194,PL-paid_social-202501,paid_social,PL,2025-01-01,2025-01-31,21826.55,PLN,5020.11
campaign_00000195,CZ-partner-202501,partner,CZ,2025-01-01,2025-01-31,184651.95,CZK,7386.08
campaign_00000196,CZ-paid_search-202501,paid_search,CZ,2025-01-01,2025-01-31,181504.09,CZK,7260.16
campaign_00000197,AT-paid_search-202502,paid_search,AT,2025-02-01,2025-02-28,4304.87,EUR,4304.87
campaign_00000198,CH-events-202502,events,CH,2025-02-01,2025-02-28,2224.3,CHF,2313.27
campaign_00000199,CH-paid_search-202502,paid_search,CH,2025-02-01,2025-02-28,1625.67,CHF,1690.7
campaign_00000200,NL-paid_search-202502,paid_search,NL,2025-02-01,2025-02-28,3805.68,EUR,3805.68
campaign_00000201,BE-partner-202502,partner,BE,2025-02-01,2025-02-28,3087.25,EUR,3087.25
campaign_00000202,BE-paid_social-202502,paid_social,BE,2025-02-01,2025-02-28,2133.33,EUR,2133.33
campaign_00000203,IE-paid_social-202502,paid_social,IE,2025-02-01,2025-02-28,13702.73,EUR,13702.73
campaign_00000204,IE-partner-202502,partner,IE,2025-02-01,2025-02-28,5314.31,EUR,5314.31
campaign_00000205,IT-paid_search-202502,paid_search,IT,2025-02-01,2025-02-28,5751.58,EUR,5751.58
campaign_00000206,IT-events-202502,events,IT,2025-02-01,2025-02-28,4886.94,EUR,4886.94
campaign_00000207,DK-paid_social-202502,paid_social,DK,2025-02-01,2025-02-28,34995.49,DKK,4689.4
campaign_00000208,DK-events-202502,events,DK,2025-02-01,2025-02-28,37803.66,DKK,5065.69
campaign_00000209,DE-events-202503,events,DE,2025-03-01,2025-03-31,8145.71,EUR,8145.71
campaign_00000210,CH-events-202503,events,CH,2025-03-01,2025-03-31,2028.13,CHF,2109.26
campaign_00000211,CH-paid_social-202503,paid_social,CH,2025-03-01,2025-03-31,2253.15,CHF,2343.28
campaign_00000212,NL-paid_search-202503,paid_search,NL,2025-03-01,2025-03-31,871.2,EUR,871.2
campaign_00000213,BE-partner-202503,partner,BE,2025-03-01,2025-03-31,2477.46,EUR,2477.46
campaign_00000214,BE-events-202503,events,BE,2025-03-01,2025-03-31,2455.17,EUR,2455.17
campaign_00000215,GB-paid_social-202503,paid_social,GB,2025-03-01,2025-03-31,3712.28,GBP,4343.37
campaign_00000216,GB-partner-202503,partner,GB,2025-03-01,2025-03-31,4227.68,GBP,4946.38
campaign_00000217,ES-paid_social-202503,paid_social,ES,2025-03-01,2025-03-31,9519.34,EUR,9519.34
campaign_00000218,IT-partner-202503,partner,IT,2025-03-01,2025-03-31,3567.71,EUR,3567.71
campaign_00000219,DK-paid_social-202503,paid_social,DK,2025-03-01,2025-03-31,12869.67,DKK,1724.54
campaign_00000220,NO-events-202503,events,NO,2025-03-01,2025-03-31,22163.97,NOK,1906.1
campaign_00000221,CZ-partner-202503,partner,CZ,2025-03-01,2025-03-31,55480.98,CZK,2219.24
campaign_00000222,DE-events-202504,events,DE,2025-04-01,2025-04-30,3358.2,EUR,3358.2
campaign_00000223,DE-paid_search-202504,paid_search,DE,2025-04-01,2025-04-30,4610.84,EUR,4610.84
campaign_00000224,AT-partner-202504,partner,AT,2025-04-01,2025-04-30,1515.26,EUR,1515.26
campaign_00000225,AT-paid_social-202504,paid_social,AT,2025-04-01,2025-04-30,3409.38,EUR,3409.38
campaign_00000226,CH-partner-202504,partner,CH,2025-04-01,2025-04-30,2529.14,CHF,2630.31
campaign_00000227,CH-paid_search-202504,paid_search,CH,2025-04-01,2025-04-30,3474.3,CHF,3613.27
campaign_00000228,NL-events-202504,events,NL,2025-04-01,2025-04-30,8665.01,EUR,8665.01
campaign_00000229,NL-partner-202504,partner,NL,2025-04-01,2025-04-30,6149.52,EUR,6149.52
campaign_00000230,GB-events-202504,events,GB,2025-04-01,2025-04-30,4241.96,GBP,4963.09
campaign_00000231,IE-partner-202504,partner,IE,2025-04-01,2025-04-30,2095.52,EUR,2095.52
campaign_00000232,ES-partner-202504,partner,ES,2025-04-01,2025-04-30,5175.9,EUR,5175.9
campaign_00000233,SE-paid_search-202504,paid_search,SE,2025-04-01,2025-04-30,48195.92,SEK,4241.24
campaign_00000234,SE-partner-202504,partner,SE,2025-04-01,2025-04-30,67362.01,SEK,5927.86
campaign_00000235,DK-paid_social-202504,paid_social,DK,2025-04-01,2025-04-30,10433.01,DKK,1398.02
campaign_00000236,DK-partner-202504,partner,DK,2025-04-01,2025-04-30,20220.06,DKK,2709.49
campaign_00000237,PL-paid_social-202504,paid_social,PL,2025-04-01,2025-04-30,13906.47,PLN,3198.49
campaign_00000238,CZ-events-202504,events,CZ,2025-04-01,2025-04-30,76081.05,CZK,3043.24
campaign_00000239,CH-partner-202505,partner,CH,2025-05-01,2025-05-31,10729.21,CHF,11158.38
campaign_00000240,NL-paid_social-202505,paid_social,NL,2025-05-01,2025-05-31,1750.44,EUR,1750.44
campaign_00000241,NL-paid_search-202505,paid_search,NL,2025-05-01,2025-05-31,1324.48,EUR,1324.48
campaign_00000242,BE-paid_social-202505,paid_social,BE,2025-05-01,2025-05-31,3041.07,EUR,3041.07
campaign_00000243,BE-partner-202505,partner,BE,2025-05-01,2025-05-31,5387.06,EUR,5387.06
campaign_00000244,FR-partner-202505,partner,FR,2025-05-01,2025-05-31,2984.91,EUR,2984.91
campaign_00000245,FR-paid_search-202505,paid_search,FR,2025-05-01,2025-05-31,4641.7,EUR,4641.7
campaign_00000246,GB-events-202505,events,GB,2025-05-01,2025-05-31,3661.81,GBP,4284.31
campaign_00000247,IE-partner-202505,partner,IE,2025-05-01,2025-05-31,3948.64,EUR,3948.64
campaign_00000248,ES-paid_search-202505,paid_search,ES,2025-05-01,2025-05-31,2596.48,EUR,2596.48
campaign_00000249,ES-partner-202505,partner,ES,2025-05-01,2025-05-31,5336.1,EUR,5336.1
campaign_00000250,IT-paid_search-202505,paid_search,IT,2025-05-01,2025-05-31,4531.66,EUR,4531.66
campaign_00000251,IT-events-202505,events,IT,2025-05-01,2025-05-31,6565.51,EUR,6565.51
campaign_00000252,SE-paid_social-202505,paid_social,SE,2025-05-01,2025-05-31,56437.54,SEK,4966.5
campaign_00000253,SE-events-202505,events,SE,2025-05-01,2025-05-31,16990.14,SEK,1495.13
campaign_00000254,DK-events-202505,events,DK,2025-05-01,2025-05-31,13035.49,DKK,1746.76
campaign_00000255,CZ-events-202505,events,CZ,2025-05-01,2025-05-31,124715.45,CZK,4988.62
campaign_00000256,CZ-partner-202505,partner,CZ,2025-05-01,2025-05-31,217318.55,CZK,8692.74
campaign_00000257,CH-partner-202506,partner,CH,2025-06-01,2025-06-30,1722.48,CHF,1791.38
campaign_00000258,CH-paid_search-202506,paid_search,CH,2025-06-01,2025-06-30,4373.91,CHF,4548.86
campaign_00000259,NL-events-202506,events,NL,2025-06-01,2025-06-30,1391.54,EUR,1391.54
campaign_00000260,NL-paid_social-202506,paid_social,NL,2025-06-01,2025-06-30,1827.55,EUR,1827.55
campaign_00000261,BE-events-202506,events,BE,2025-06-01,2025-06-30,4004.76,EUR,4004.76
campaign_00000262,BE-paid_social-202506,paid_social,BE,2025-06-01,2025-06-30,5424.83,EUR,5424.83
campaign_00000263,FR-paid_search-202506,paid_search,FR,2025-06-01,2025-06-30,3611.77,EUR,3611.77
campaign_00000264,GB-partner-202506,partner,GB,2025-06-01,2025-06-30,4174.63,GBP,4884.31
campaign_00000265,ES-partner-202506,partner,ES,2025-06-01,2025-06-30,3238.21,EUR,3238.21
campaign_00000266,ES-events-202506,events,ES,2025-06-01,2025-06-30,4830.53,EUR,4830.53
campaign_00000267,PL-events-202506,events,PL,2025-06-01,2025-06-30,12925.71,PLN,2972.91
campaign_00000268,PL-partner-202506,partner,PL,2025-06-01,2025-06-30,7540.49,PLN,1734.31
campaign_00000269,CZ-paid_social-202506,paid_social,CZ,2025-06-01,2025-06-30,117062.17,CZK,4682.49
campaign_00000270,CZ-paid_search-202506,paid_search,CZ,2025-06-01,2025-06-30,113429.38,CZK,4537.18
campaign_00000271,CH-paid_social-202507,paid_social,CH,2025-07-01,2025-07-31,2096.45,CHF,2180.3
campaign_00000272,NL-partner-202507,partner,NL,2025-07-01,2025-07-31,2676.59,EUR,2676.59
campaign_00000273,FR-partner-202507,partner,FR,2025-07-01,2025-07-31,3430.92,EUR,3430.92
campaign_00000274,FR-paid_social-202507,paid_social,FR,2025-07-01,2025-07-31,10132.08,EUR,10132.08
campaign_00000275,IE-events-202507,events,IE,2025-07-01,2025-07-31,3454.07,EUR,3454.07
campaign_00000276,ES-paid_social-202507,paid_social,ES,2025-07-01,2025-07-31,2971.94,EUR,2971.94
campaign_00000277,DK-paid_social-202507,paid_social,DK,2025-07-01,2025-07-31,21807.69,DKK,2922.23
campaign_00000278,NO-paid_search-202507,paid_search,NO,2025-07-01,2025-07-31,27607.42,NOK,2374.24
campaign_00000279,PL-paid_social-202507,paid_social,PL,2025-07-01,2025-07-31,12444.11,PLN,2862.15
campaign_00000280,CZ-paid_search-202507,paid_search,CZ,2025-07-01,2025-07-31,110991.71,CZK,4439.67
campaign_00000281,CZ-paid_social-202507,paid_social,CZ,2025-07-01,2025-07-31,66969.12,CZK,2678.76
campaign_00000282,DE-paid_social-202508,paid_social,DE,2025-08-01,2025-08-31,9282.2,EUR,9282.2
campaign_00000283,DE-paid_search-202508,paid_search,DE,2025-08-01,2025-08-31,2644.48,EUR,2644.48
campaign_00000284,BE-paid_social-202508,paid_social,BE,2025-08-01,2025-08-31,6734.58,EUR,6734.58
campaign_00000285,BE-paid_search-202508,paid_search,BE,2025-08-01,2025-08-31,8591.72,EUR,8591.72
campaign_00000286,FR-paid_social-202508,paid_social,FR,2025-08-01,2025-08-31,3920.7,EUR,3920.7
campaign_00000287,GB-paid_search-202508,paid_search,GB,2025-08-01,2025-08-31,6530.03,GBP,7640.14
campaign_00000288,IE-paid_search-202508,paid_search,IE,2025-08-01,2025-08-31,1359.57,EUR,1359.57
campaign_00000289,IT-paid_search-202508,paid_search,IT,2025-08-01,2025-08-31,2976.53,EUR,2976.53
campaign_00000290,IT-paid_social-202508,paid_social,IT,2025-08-01,2025-08-31,5097.96,EUR,5097.96
campaign_00000291,DK-partner-202508,partner,DK,2025-08-01,2025-08-31,10224.1,DKK,1370.03
campaign_00000292,DK-paid_social-202508,paid_social,DK,2025-08-01,2025-08-31,66999.33,DKK,8977.91
campaign_00000293,NO-events-202508,events,NO,2025-08-01,2025-08-31,136776.66,NOK,11762.79
campaign_00000294,NO-partner-202508,partner,NO,2025-08-01,2025-08-31,55190.16,NOK,4746.35
campaign_00000295,PL-partner-202508,partner,PL,2025-08-01,2025-08-31,11839.64,PLN,2723.12
campaign_00000296,PL-events-202508,events,PL,2025-08-01,2025-08-31,10392.73,PLN,2390.33
campaign_00000297,AT-paid_social-202509,paid_social,AT,2025-09-01,2025-09-30,2061.06,EUR,2061.06
campaign_00000298,AT-paid_search-202509,paid_search,AT,2025-09-01,2025-09-30,5071.11,EUR,5071.11
campaign_00000299,CH-paid_social-202509,paid_social,CH,2025-09-01,2025-09-30,5367.92,CHF,5582.63
campaign_00000300,CH-events-202509,events,CH,2025-09-01,2025-09-30,3802.27,CHF,3954.36
campaign_00000301,NL-events-202509,events,NL,2025-09-01,2025-09-30,3452.6,EUR,3452.6
campaign_00000302,NL-paid_social-202509,paid_social,NL,2025-09-01,2025-09-30,1602.72,EUR,1602.72
campaign_00000303,FR-paid_search-202509,paid_search,FR,2025-09-01,2025-09-30,3395.04,EUR,3395.04
campaign_00000304,GB-paid_social-202509,paid_social,GB,2025-09-01,2025-09-30,1219.45,GBP,1426.76
campaign_00000305,GB-paid_search-202509,paid_search,GB,2025-09-01,2025-09-30,1955.55,GBP,2287.99
campaign_00000306,SE-paid_search-202509,paid_search,SE,2025-09-01,2025-09-30,20608.5,SEK,1813.55
campaign_00000307,SE-paid_social-202509,paid_social,SE,2025-09-01,2025-09-30,43862.28,SEK,3859.88
campaign_00000308,PL-paid_search-202509,paid_search,PL,2025-09-01,2025-09-30,13017.33,PLN,2993.98
campaign_00000309,PL-events-202509,events,PL,2025-09-01,2025-09-30,5234.41,PLN,1203.92
campaign_00000310,AT-paid_search-202510,paid_search,AT,2025-10-01,2025-10-31,2857.95,EUR,2857.95
campaign_00000311,BE-paid_social-202510,paid_social,BE,2025-10-01,2025-10-31,1446.24,EUR,1446.24
campaign_00000312,ES-partner-202510,partner,ES,2025-10-01,2025-10-31,9473.92,EUR,9473.92
campaign_00000313,IT-partner-202510,partner,IT,2025-10-01,2025-10-31,4027.93,EUR,4027.93
campaign_00000314,SE-paid_search-202510,paid_search,SE,2025-10-01,2025-10-31,31822.47,SEK,2800.38
campaign_00000315,DK-partner-202510,partner,DK,2025-10-01,2025-10-31,27419.41,DKK,3674.2
campaign_00000316,NO-events-202510,events,NO,2025-10-01,2025-10-31,95944.73,NOK,8251.25
campaign_00000317,NO-paid_search-202510,paid_search,NO,2025-10-01,2025-10-31,55133.96,NOK,4741.52
campaign_00000318,PL-events-202510,events,PL,2025-10-01,2025-10-31,14293.86,PLN,3287.59
campaign_00000319,PL-partner-202510,partner,PL,2025-10-01,2025-10-31,18318.55,PLN,4213.27
campaign_00000320,DE-paid_social-202511,paid_social,DE,2025-11-01,2025-11-30,6670.36,EUR,6670.36
campaign_00000321,AT-paid_social-202511,paid_social,AT,2025-11-01,2025-11-30,12599.41,EUR,12599.41
campaign_00000322,AT-partner-202511,partner,AT,2025-11-01,2025-11-30,2407.51,EUR,2407.51
campaign_00000323,CH-paid_search-202511,paid_search,CH,2025-11-01,2025-11-30,2261.42,CHF,2351.88
campaign_00000324,CH-events-202511,events,CH,2025-11-01,2025-11-30,7880.5,CHF,8195.72
campaign_00000325,BE-paid_search-202511,paid_search,BE,2025-11-01,2025-11-30,2115.23,EUR,2115.23
campaign_00000326,ES-partner-202511,partner,ES,2025-11-01,2025-11-30,4620.77,EUR,4620.77
campaign_00000327,IT-partner-202511,partner,IT,2025-11-01,2025-11-30,3149.38,EUR,3149.38
campaign_00000328,IT-paid_search-202511,paid_search,IT,2025-11-01,2025-11-30,2112.14,EUR,2112.14
campaign_00000329,DK-events-202511,events,DK,2025-11-01,2025-11-30,14440.13,DKK,1934.98
campaign_00000330,DK-partner-202511,partner,DK,2025-11-01,2025-11-30,22118.22,DKK,2963.84
campaign_00000331,PL-events-202511,events,PL,2025-11-01,2025-11-30,35206.71,PLN,8097.54
campaign_00000332,DE-paid_search-202512,paid_search,DE,2025-12-01,2025-12-31,2589.5,EUR,2589.5
campaign_00000333,AT-partner-202512,partner,AT,2025-12-01,2025-12-31,3230.96,EUR,3230.96
campaign_00000334,NL-paid_social-202512,paid_social,NL,2025-12-01,2025-12-31,2870.71,EUR,2870.71
campaign_00000335,NL-paid_search-202512,paid_search,NL,2025-12-01,2025-12-31,1490.88,EUR,1490.88
campaign_00000336,BE-events-202512,events,BE,2025-12-01,2025-12-31,4554.1,EUR,4554.1
campaign_00000337,ES-paid_search-202512,paid_search,ES,2025-12-01,2025-12-31,1641.1,EUR,1641.1
campaign_00000338,ES-partner-202512,partner,ES,2025-12-01,2025-12-31,4205.58,EUR,4205.58
campaign_00000339,DK-paid_search-202512,paid_search,DK,2025-12-01,2025-12-31,23968.16,DKK,3211.73
campaign_00000340,DK-paid_social-202512,paid_social,DK,2025-12-01,2025-12-31,22818.64,DKK,3057.7
campaign_00000341,PL-partner-202512,partner,PL,2025-12-01,2025-12-31,19177.52,PLN,4410.83
campaign_00000342,PL-events-202512,events,PL,2025-12-01,2025-12-31,26008.47,PLN,5981.95
campaign_00000343,CZ-paid_search-202512,paid_search,CZ,2025-12-01,2025-12-31,59324.09,CZK,2372.96
campaign_00000344,CZ-partner-202512,partner,CZ,2025-12-01,2025-12-31,96210.96,CZK,3848.44
campaign_00000345,DE-events-202601,events,DE,2026-01-01,2026-01-31,1698.97,EUR,1698.97
campaign_00000346,NL-paid_search-202601,paid_search,NL,2026-01-01,2026-01-31,2424.9,EUR,2424.9
campaign_00000347,BE-events-202601,events,BE,2026-01-01,2026-01-31,2640.95,EUR,2640.95
campaign_00000348,BE-partner-202601,partner,BE,2026-01-01,2026-01-31,1888.69,EUR,1888.69
campaign_00000349,FR-paid_search-202601,paid_search,FR,2026-01-01,2026-01-31,2262.73,EUR,2262.73
campaign_00000350,GB-paid_social-202601,paid_social,GB,2026-01-01,2026-01-31,4007.38,GBP,4688.63
campaign_00000351,IE-events-202601,events,IE,2026-01-01,2026-01-31,1455.59,EUR,1455.59
campaign_00000352,ES-events-202601,events,ES,2026-01-01,2026-01-31,3687.59,EUR,3687.59
campaign_00000353,SE-paid_search-202601,paid_search,SE,2026-01-01,2026-01-31,60569.58,SEK,5330.12
campaign_00000354,SE-partner-202601,partner,SE,2026-01-01,2026-01-31,40832.2,SEK,3593.23
campaign_00000355,DK-paid_social-202601,paid_social,DK,2026-01-01,2026-01-31,47779.62,DKK,6402.47
campaign_00000356,NO-paid_search-202601,paid_search,NO,2026-01-01,2026-01-31,27696.37,NOK,2381.89
campaign_00000357,NO-partner-202601,partner,NO,2026-01-01,2026-01-31,31507.3,NOK,2709.63
campaign_00000358,CZ-paid_social-202601,paid_social,CZ,2026-01-01,2026-01-31,105890.74,CZK,4235.63
campaign_00000359,AT-events-202602,events,AT,2026-02-01,2026-02-28,2433.59,EUR,2433.59
campaign_00000360,NL-paid_search-202602,paid_search,NL,2026-02-01,2026-02-28,8420.16,EUR,8420.16
campaign_00000361,NL-events-202602,events,NL,2026-02-01,2026-02-28,7329.51,EUR,7329.51
campaign_00000362,FR-partner-202602,partner,FR,2026-02-01,2026-02-28,9640.08,EUR,9640.08
campaign_00000363,FR-paid_search-202602,paid_search,FR,2026-02-01,2026-02-28,9530.97,EUR,9530.97
campaign_00000364,GB-paid_search-202602,paid_search,GB,2026-02-01,2026-02-28,1024.94,GBP,1199.18
campaign_00000365,IT-partner-202602,partner,IT,2026-02-01,2026-02-28,2822.92,EUR,2822.92
campaign_00000366,NO-partner-202602,partner,NO,2026-02-01,2026-02-28,28666.92,NOK,2465.36
campaign_00000367,CZ-paid_social-202602,paid_social,CZ,2026-02-01,2026-02-28,42157.56,CZK,1686.3
campaign_00000368,CZ-partner-202602,partner,CZ,2026-02-01,2026-02-28,123388.43,CZK,4935.54
campaign_00000369,DE-events-202603,events,DE,2026-03-01,2026-03-31,3063.91,EUR,3063.91
campaign_00000370,DE-paid_social-202603,paid_social,DE,2026-03-01,2026-03-31,5361.08,EUR,5361.08
campaign_00000371,AT-paid_social-202603,paid_social,AT,2026-03-01,2026-03-31,2063.7,EUR,2063.7
campaign_00000372,CH-paid_search-202603,paid_search,CH,2026-03-01,2026-03-31,6445.91,CHF,6703.75
campaign_00000373,NL-paid_social-202603,paid_social,NL,2026-03-01,2026-03-31,2067.29,EUR,2067.29
campaign_00000374,NL-partner-202603,partner,NL,2026-03-01,2026-03-31,3437.04,EUR,3437.04
campaign_00000375,FR-paid_search-202603,paid_search,FR,2026-03-01,2026-03-31,5251.36,EUR,5251.36
campaign_00000376,FR-events-202603,events,FR,2026-03-01,2026-03-31,7418.03,EUR,7418.03
campaign_00000377,GB-paid_search-202603,paid_search,GB,2026-03-01,2026-03-31,1126.48,GBP,1317.99
campaign_00000378,IE-partner-202603,partner,IE,2026-03-01,2026-03-31,4387.48,EUR,4387.48
campaign_00000379,ES-paid_search-202603,paid_search,ES,2026-03-01,2026-03-31,5154.54,EUR,5154.54
campaign_00000380,IT-partner-202603,partner,IT,2026-03-01,2026-03-31,5103.38,EUR,5103.38
campaign_00000381,IT-paid_search-202603,paid_search,IT,2026-03-01,2026-03-31,5367.02,EUR,5367.02
campaign_00000382,SE-events-202603,events,SE,2026-03-01,2026-03-31,37458.08,SEK,3296.31
campaign_00000383,DK-partner-202603,partner,DK,2026-03-01,2026-03-31,43074.33,DKK,5771.96
campaign_00000384,NO-paid_social-202603,paid_social,NO,2026-03-01,2026-03-31,39692.56,NOK,3413.56
campaign_00000385,NO-paid_search-202603,paid_search,NO,2026-03-01,2026-03-31,21260.34,NOK,1828.39
campaign_00000386,CZ-events-202603,events,CZ,2026-03-01,2026-03-31,83230.02,CZK,3329.2
campaign_00000387,CZ-paid_search-202603,paid_search,CZ,2026-03-01,2026-03-31,66934.8,CZK,2677.39
campaign_00000388,AT-paid_search-202604,paid_search,AT,2026-04-01,2026-04-30,4157.55,EUR,4157.55
campaign_00000389,CH-events-202604,events,CH,2026-04-01,2026-04-30,5329.35,CHF,5542.53
campaign_00000390,NL-paid_search-202604,paid_search,NL,2026-04-01,2026-04-30,2331.75,EUR,2331.75
campaign_00000391,BE-paid_search-202604,paid_search,BE,2026-04-01,2026-04-30,1929.59,EUR,1929.59
campaign_00000392,BE-paid_social-202604,paid_social,BE,2026-04-01,2026-04-30,7686.59,EUR,7686.59
campaign_00000393,FR-events-202604,events,FR,2026-04-01,2026-04-30,5062.26,EUR,5062.26
campaign_00000394,FR-paid_social-202604,paid_social,FR,2026-04-01,2026-04-30,2349.48,EUR,2349.48
campaign_00000395,GB-partner-202604,partner,GB,2026-04-01,2026-04-30,2247.99,GBP,2630.15
campaign_00000396,IE-events-202604,events,IE,2026-04-01,2026-04-30,4727.13,EUR,4727.13
campaign_00000397,IT-paid_social-202604,paid_social,IT,2026-04-01,2026-04-30,4722.91,EUR,4722.91
campaign_00000398,IT-events-202604,events,IT,2026-04-01,2026-04-30,5577.33,EUR,5577.33
campaign_00000399,SE-paid_social-202604,paid_social,SE,2026-04-01,2026-04-30,28471.93,SEK,2505.53
campaign_00000400,DK-paid_search-202604,paid_search,DK,2026-04-01,2026-04-30,74401.9,DKK,9969.85
campaign_00000401,PL-partner-202604,partner,PL,2026-04-01,2026-04-30,16879.9,PLN,3882.38
campaign_00000402,PL-events-202604,events,PL,2026-04-01,2026-04-30,19364.54,PLN,4453.84
campaign_00000403,CZ-partner-202604,partner,CZ,2026-04-01,2026-04-30,158611.01,CZK,6344.44
campaign_00000404,NL-partner-202605,partner,NL,2026-05-01,2026-05-31,1164.83,EUR,1164.83
campaign_00000405,IE-events-202605,events,IE,2026-05-01,2026-05-31,1435.9,EUR,1435.9
campaign_00000406,IE-paid_search-202605,paid_search,IE,2026-05-01,2026-05-31,3362.94,EUR,3362.94
campaign_00000407,ES-paid_search-202605,paid_search,ES,2026-05-01,2026-05-31,5074.84,EUR,5074.84
campaign_00000408,ES-events-202605,events,ES,2026-05-01,2026-05-31,1597.66,EUR,1597.66
campaign_00000409,IT-events-202605,events,IT,2026-05-01,2026-05-31,1577.22,EUR,1577.22
campaign_00000410,IT-partner-202605,partner,IT,2026-05-01,2026-05-31,4007.69,EUR,4007.69
campaign_00000411,SE-events-202605,events,SE,2026-05-01,2026-05-31,64011.2,SEK,5632.99
campaign_00000412,DK-paid_search-202605,paid_search,DK,2026-05-01,2026-05-31,27735.17,DKK,3716.51
campaign_00000413,CZ-paid_social-202605,paid_social,CZ,2026-05-01,2026-05-31,81198.94,CZK,3247.96
campaign_00000414,AT-events-202606,events,AT,2026-06-01,2026-06-30,4918.4,EUR,4918.4
campaign_00000415,BE-paid_search-202606,paid_search,BE,2026-06-01,2026-06-30,3341.45,EUR,3341.45
campaign_00000416,BE-paid_social-202606,paid_social,BE,2026-06-01,2026-06-30,3659.0,EUR,3659.0
campaign_00000417,IE-partner-202606,partner,IE,2026-06-01,2026-06-30,3157.4,EUR,3157.4
campaign_00000418,IE-events-202606,events,IE,2026-06-01,2026-06-30,4178.84,EUR,4178.84
campaign_00000419,DK-paid_search-202606,paid_search,DK,2026-06-01,2026-06-30,26837.34,DKK,3596.2
campaign_00000420,NO-paid_search-202606,paid_search,NO,2026-06-01,2026-06-30,47020.01,NOK,4043.72
campaign_00000421,NO-partner-202606,partner,NO,2026-06-01,2026-06-30,19491.29,NOK,1676.25
