payment_id,invoice_id,payment_attempt_id,captured_at,amount_local,currency_code,amount_eur,payment_status,settlement_date
payment_00000001,invoice_00000001,payattempt_00000001,2025-01-10 00:00:00,61.71,EUR,61.71,captured,2025-01-12
payment_00000002,invoice_00000002,payattempt_00000002,2025-02-01 00:00:00,61.71,EUR,61.71,captured,2025-02-03
payment_00000003,invoice_00000003,payattempt_00000003,2025-03-01 00:00:00,61.71,EUR,61.71,captured,2025-03-03
payment_00000004,invoice_00000004,payattempt_00000004,2025-04-01 00:00:00,66.65,EUR,66.65,captured,2025-04-03
payment_00000005,invoice_00000005,payattempt_00000005,2025-05-01 00:00:00,66.65,EUR,66.65,captured,2025-05-03
payment_00000006,invoice_00000006,payattempt_00000006,2025-06-01 00:00:00,283.24,EUR,283.24,captured,2025-06-03
payment_00000007,invoice_00000007,payattempt_00000007,2025-07-01 00:00:00,283.24,EUR,283.24,captured,2025-07-03
payment_00000008,invoice_00000008,payattempt_00000008,2025-08-01 00:00:00,283.24,EUR,283.24,captured,2025-08-03
payment_00000009,invoice_00000009,payattempt_00000009,2025-09-01 00:00:00,283.24,EUR,283.24,captured,2025-09-03
payment_00000010,invoice_00000010,payattempt_00000010,2025-10-01 00:00:00,283.24,EUR,283.24,captured,2025-10-03
payment_00000011,invoice_00000011,payattempt_00000013,2025-11-09 00:00:00,283.24,EUR,283.24,captured,2025-11-11
payment_00000012,invoice_00000012,payattempt_00000014,2025-12-01 00:00:00,283.24,EUR,283.24,captured,2025-12-03
payment_00000013,invoice_00000013,payattempt_00000015,2026-01-01 00:00:00,283.24,EUR,283.24,captured,2026-01-03
payment_00000014,invoice_00000014,payattempt_00000016,2026-02-01 00:00:00,283.24,EUR,283.24,captured,2026-02-03
payment_00000015,invoice_00000015,payattempt_00000017,2026-03-01 00:00:00,283.24,EUR,283.24,captured,2026-03-03
payment_00000016,invoice_00000016,payattempt_00000018,2026-04-01 00:00:00,283.24,EUR,283.24,captured,2026-04-03
payment_00000017,invoice_00000017,payattempt_00000019,2026-05-01 00:00:00,283.24,EUR,283.24,captured,2026-05-03
payment_00000018,invoice_00000018,payattempt_00000020,2026-06-01 00:00:00,283.24,EUR,283.24,captured,2026-06-03
payment_00000019,invoice_00000019,payattempt_00000021,2026-03-30 00:00:00,50.97,EUR,50.97,captured,2026-04-01
payment_00000020,invoice_00000021,payattempt_00000026,2026-05-01 00:00:00,50.97,EUR,50.97,captured,2026-05-03
payment_00000021,invoice_00000023,payattempt_00000029,2024-05-28 00:00:00,24746.25,NOK,2152.5,captured,2024-05-30
payment_00000022,invoice_00000024,payattempt_00000030,2025-05-01 00:00:00,38000.55,NOK,2986.2,captured,2025-05-03
payment_00000023,invoice_00000026,payattempt_00000034,2025-12-22 00:00:00,49.21,EUR,49.21,captured,2025-12-24
payment_00000024,invoice_00000027,payattempt_00000035,2026-01-01 00:00:00,49.21,EUR,49.21,captured,2026-01-03
payment_00000025,invoice_00000028,payattempt_00000036,2026-02-01 00:00:00,49.21,EUR,49.21,captured,2026-02-03
payment_00000026,invoice_00000029,payattempt_00000037,2026-03-01 00:00:00,49.21,EUR,49.21,captured,2026-03-03
payment_00000027,invoice_00000030,payattempt_00000038,2026-04-01 00:00:00,49.21,EUR,49.21,captured,2026-04-03
payment_00000028,invoice_00000031,payattempt_00000039,2026-05-01 00:00:00,49.21,EUR,49.21,captured,2026-05-03
payment_00000029,invoice_00000032,payattempt_00000040,2026-06-01 00:00:00,49.21,EUR,49.21,captured,2026-06-03
payment_00000030,invoice_00000033,payattempt_00000041,2025-03-26 00:00:00,294.03,EUR,294.03,captured,2025-03-28
payment_00000031,invoice_00000034,payattempt_00000042,2025-04-01 00:00:00,317.55,EUR,317.55,captured,2025-04-03
payment_00000032,invoice_00000035,payattempt_00000043,2025-05-01 00:00:00,317.55,EUR,317.55,captured,2025-05-03
payment_00000033,invoice_00000037,payattempt_00000046,2024-07-23 00:00:00,12399.35,EUR,12399.35,captured,2024-07-25
payment_00000034,invoice_00000038,payattempt_00000047,2025-07-01 00:00:00,21332.35,EUR,21332.35,captured,2025-07-03
payment_00000035,invoice_00000039,payattempt_00000048,2026-03-27 00:00:00,14410.87,EUR,14410.87,captured,2026-03-29
payment_00000036,invoice_00000040,payattempt_00000049,2026-04-01 00:00:00,14410.87,EUR,14410.87,captured,2026-04-03
payment_00000037,invoice_00000041,payattempt_00000050,2026-05-01 00:00:00,14410.87,EUR,14410.87,captured,2026-05-03
payment_00000038,invoice_00000042,payattempt_00000051,2026-06-01 00:00:00,14410.87,EUR,14410.87,captured,2026-06-03
payment_00000039,invoice_00000043,payattempt_00000052,2024-06-02 00:00:00,2392.06,SEK,213.75,captured,2024-06-04
payment_00000040,invoice_00000044,payattempt_00000053,2024-07-01 00:00:00,2413.4,SEK,213.75,captured,2024-07-03
payment_00000041,invoice_00000045,payattempt_00000054,2024-08-01 00:00:00,2449.35,SEK,213.75,captured,2024-08-03
payment_00000042,invoice_00000046,payattempt_00000055,2024-09-01 00:00:00,2507.19,SEK,213.75,captured,2024-09-03
payment_00000043,invoice_00000047,payattempt_00000056,2024-10-01 00:00:00,2556.73,SEK,213.75,captured,2024-10-03
payment_00000044,invoice_00000048,payattempt_00000057,2024-11-01 00:00:00,2443.53,SEK,213.75,captured,2024-11-03
payment_00000045,invoice_00000049,payattempt_00000058,2024-12-01 00:00:00,3902.1,SEK,337.5,captured,2024-12-03
payment_00000046,invoice_00000050,payattempt_00000059,2025-01-01 00:00:00,3865.49,SEK,337.5,captured,2025-01-03
payment_00000047,invoice_00000051,payattempt_00000060,2025-02-01 00:00:00,3922.19,SEK,337.5,captured,2025-02-03
payment_00000048,invoice_00000052,payattempt_00000061,2025-03-01 00:00:00,3968.81,SEK,337.5,captured,2025-03-03
payment_00000049,invoice_00000053,payattempt_00000062,2025-04-01 00:00:00,4243.21,SEK,364.5,captured,2025-04-03
payment_00000050,invoice_00000054,payattempt_00000063,2025-05-01 00:00:00,4213.68,SEK,364.5,captured,2025-05-03
payment_00000051,invoice_00000055,payattempt_00000064,2025-06-01 00:00:00,4112.24,SEK,364.5,captured,2025-06-03
payment_00000052,invoice_00000056,payattempt_00000065,2025-07-01 00:00:00,4125.21,SEK,364.5,captured,2025-07-03
payment_00000053,invoice_00000057,payattempt_00000066,2025-08-01 00:00:00,4181.68,SEK,364.5,captured,2025-08-03
payment_00000054,invoice_00000058,payattempt_00000067,2025-09-01 00:00:00,4237.44,SEK,364.5,captured,2025-09-03
payment_00000055,invoice_00000059,payattempt_00000068,2025-10-01 00:00:00,4347.51,SEK,364.5,captured,2025-10-03
payment_00000056,invoice_00000060,payattempt_00000069,2025-11-01 00:00:00,4376.18,SEK,364.5,captured,2025-11-03
payment_00000057,invoice_00000061,payattempt_00000070,2025-12-01 00:00:00,4290.96,SEK,364.5,captured,2025-12-03
payment_00000058,invoice_00000062,payattempt_00000071,2026-01-01 00:00:00,4230.06,SEK,364.5,captured,2026-01-03
payment_00000059,invoice_00000063,payattempt_00000072,2026-02-01 00:00:00,4163.81,SEK,364.5,captured,2026-02-03
payment_00000060,invoice_00000064,payattempt_00000074,2026-03-03 00:00:00,5316.6,SEK,467.1,captured,2026-03-05
payment_00000061,invoice_00000065,payattempt_00000075,2026-04-01 00:00:00,5234.49,SEK,467.1,captured,2026-04-03
payment_00000062,invoice_00000066,payattempt_00000076,2026-05-01 00:00:00,5274.21,SEK,467.1,captured,2026-05-03
payment_00000063,invoice_00000067,payattempt_00000077,2026-06-01 00:00:00,5266.19,SEK,467.1,captured,2026-06-03
payment_00000064,invoice_00000068,payattempt_00000078,2024-07-13 00:00:00,1556.09,EUR,1556.09,captured,2024-07-15
payment_00000065,invoice_00000069,payattempt_00000079,2025-07-01 00:00:00,1447.56,EUR,1447.56,captured,2025-07-03
payment_00000066,invoice_00000070,payattempt_00000080,2025-07-02 00:00:00,322842.91,CZK,13169.41,captured,2025-07-04
payment_00000067,invoice_00000071,payattempt_00000081,2024-12-27 00:00:00,262.62,CHF,271.34,captured,2024-12-29
payment_00000068,invoice_00000072,payattempt_00000082,2025-01-01 00:00:00,264.42,CHF,271.33,captured,2025-01-03
payment_00000069,invoice_00000073,payattempt_00000083,2025-02-01 00:00:00,262.72,CHF,271.34,captured,2025-02-03
payment_00000070,invoice_00000074,payattempt_00000084,2025-03-01 00:00:00,260.53,CHF,271.33,captured,2025-03-03
payment_00000071,invoice_00000075,payattempt_00000085,2025-04-01 00:00:00,283.04,CHF,293.03,captured,2025-04-03
payment_00000072,invoice_00000076,payattempt_00000086,2025-05-01 00:00:00,285.43,CHF,293.04,captured,2025-05-03
payment_00000073,invoice_00000077,payattempt_00000087,2025-06-01 00:00:00,290.39,CHF,293.04,captured,2025-06-03
payment_00000074,invoice_00000078,payattempt_00000088,2025-07-01 00:00:00,286.36,CHF,293.04,captured,2025-07-03
payment_00000075,invoice_00000079,payattempt_00000089,2025-08-01 00:00:00,287.95,CHF,293.04,captured,2025-08-03
payment_00000076,invoice_00000080,payattempt_00000090,2025-09-01 00:00:00,296.41,CHF,293.03,captured,2025-09-03
payment_00000077,invoice_00000081,payattempt_00000091,2025-10-01 00:00:00,292.24,CHF,293.04,captured,2025-10-03
payment_00000078,invoice_00000082,payattempt_00000092,2025-11-01 00:00:00,283.82,CHF,293.04,captured,2025-11-03
payment_00000079,invoice_00000083,payattempt_00000093,2025-12-01 00:00:00,287.61,CHF,293.03,captured,2025-12-03
payment_00000080,invoice_00000084,payattempt_00000094,2026-01-01 00:00:00,295.06,CHF,293.04,captured,2026-01-03
payment_00000081,invoice_00000085,payattempt_00000095,2026-02-01 00:00:00,286.78,CHF,293.04,captured,2026-02-03
payment_00000082,invoice_00000086,payattempt_00000096,2026-03-01 00:00:00,282.94,CHF,293.04,captured,2026-03-03
payment_00000083,invoice_00000087,payattempt_00000097,2026-04-01 00:00:00,279.1,CHF,293.04,captured,2026-04-03
payment_00000084,invoice_00000088,payattempt_00000098,2026-05-01 00:00:00,276.51,CHF,293.04,captured,2026-05-03
payment_00000085,invoice_00000089,payattempt_00000099,2026-06-01 00:00:00,274.21,CHF,293.04,captured,2026-06-03
payment_00000086,invoice_00000090,payattempt_00000100,2026-06-26 00:00:00,86372.29,EUR,86372.29,captured,2026-06-28
payment_00000087,invoice_00000091,payattempt_00000101,2025-11-15 00:00:00,1161.5,EUR,1161.5,captured,2025-11-17
payment_00000088,invoice_00000092,payattempt_00000102,2026-03-11 00:00:00,3501.22,EUR,3501.22,captured,2026-03-13
payment_00000089,invoice_00000093,payattempt_00000103,2024-04-24 00:00:00,1864.22,EUR,1864.22,captured,2024-04-26
payment_00000090,invoice_00000094,payattempt_00000106,2025-04-05 00:00:00,8102.74,EUR,8102.74,captured,2025-04-07
payment_00000091,invoice_00000095,payattempt_00000107,2026-04-01 00:00:00,8102.74,EUR,8102.74,captured,2026-04-03
payment_00000092,invoice_00000096,payattempt_00000108,2025-05-22 00:00:00,174.96,EUR,174.96,captured,2025-05-24
payment_00000093,invoice_00000097,payattempt_00000109,2025-06-01 00:00:00,174.96,EUR,174.96,captured,2025-06-03
payment_00000094,invoice_00000098,payattempt_00000110,2025-07-01 00:00:00,159.41,EUR,159.41,captured,2025-07-03
payment_00000095,invoice_00000099,payattempt_00000111,2025-08-01 00:00:00,159.41,EUR,159.41,captured,2025-08-03
payment_00000096,invoice_00000100,payattempt_00000112,2025-09-01 00:00:00,174.96,EUR,174.96,captured,2025-09-03
payment_00000097,invoice_00000101,payattempt_00000113,2025-10-01 00:00:00,174.96,EUR,174.96,captured,2025-10-03
payment_00000098,invoice_00000102,payattempt_00000114,2025-11-01 00:00:00,174.96,EUR,174.96,captured,2025-11-03
payment_00000099,invoice_00000103,payattempt_00000115,2025-12-01 00:00:00,174.96,EUR,174.96,captured,2025-12-03
payment_00000100,invoice_00000104,payattempt_00000116,2026-01-01 00:00:00,174.96,EUR,174.96,captured,2026-01-03
payment_00000101,invoice_00000105,payattempt_00000117,2026-02-01 00:00:00,174.96,EUR,174.96,captured,2026-02-03
payment_00000102,invoice_00000106,payattempt_00000118,2026-03-01 00:00:00,174.96,EUR,174.96,captured,2026-03-03
payment_00000103,invoice_00000107,payattempt_00000119,2026-04-01 00:00:00,174.96,EUR,174.96,captured,2026-04-03
payment_00000104,invoice_00000108,payattempt_00000120,2026-05-01 00:00:00,174.96,EUR,174.96,captured,2026-05-03
payment_00000105,invoice_00000109,payattempt_00000121,2026-06-01 00:00:00,174.96,EUR,174.96,captured,2026-06-03
payment_00000106,invoice_00000110,payattempt_00000122,2025-05-20 00:00:00,1262.45,EUR,1262.45,captured,2025-05-22
payment_00000107,invoice_00000111,payattempt_00000123,2026-05-01 00:00:00,1262.45,EUR,1262.45,captured,2026-05-03
payment_00000108,invoice_00000112,payattempt_00000124,2025-04-19 00:00:00,21430.42,EUR,21430.42,captured,2025-04-21
payment_00000109,invoice_00000113,payattempt_00000125,2026-04-01 00:00:00,45709.99,EUR,45709.99,captured,2026-04-03
payment_00000110,invoice_00000114,payattempt_00000126,2024-04-28 00:00:00,6508.8,EUR,6508.8,captured,2024-04-30
payment_00000111,invoice_00000115,payattempt_00000127,2025-04-01 00:00:00,7664.54,EUR,7664.54,captured,2025-04-03
payment_00000112,invoice_00000116,payattempt_00000128,2026-04-01 00:00:00,8672.26,EUR,8672.26,captured,2026-04-03
payment_00000113,invoice_00000117,payattempt_00000129,2025-10-28 00:00:00,250498.05,SEK,21002.01,captured,2025-10-30
payment_00000114,invoice_00000118,payattempt_00000130,2025-09-25 00:00:00,305058.1,EUR,305058.1,captured,2025-09-27
payment_00000115,invoice_00000119,payattempt_00000131,2024-08-31 00:00:00,256.43,GBP,301.2,captured,2024-09-02
payment_00000116,invoice_00000120,payattempt_00000132,2024-09-01 00:00:00,247.78,GBP,301.2,captured,2024-09-03
payment_00000117,invoice_00000121,payattempt_00000133,2024-10-01 00:00:00,250.39,GBP,301.2,captured,2024-10-03
payment_00000118,invoice_00000122,payattempt_00000135,2024-11-03 00:00:00,248.15,GBP,301.2,captured,2024-11-05
payment_00000119,invoice_00000123,payattempt_00000136,2024-12-01 00:00:00,246.26,GBP,301.21,captured,2024-12-03
payment_00000120,invoice_00000124,payattempt_00000137,2025-01-01 00:00:00,249.7,GBP,301.2,captured,2025-01-03
payment_00000121,invoice_00000125,payattempt_00000138,2025-02-01 00:00:00,252.42,GBP,301.2,captured,2025-02-03
payment_00000122,invoice_00000126,payattempt_00000139,2025-03-01 00:00:00,251.66,GBP,301.2,captured,2025-03-03
payment_00000123,invoice_00000127,payattempt_00000140,2025-04-01 00:00:00,275.95,GBP,325.3,captured,2025-04-03
payment_00000124,invoice_00000128,payattempt_00000141,2025-05-01 00:00:00,276.08,GBP,325.3,captured,2025-05-03
payment_00000125,invoice_00000129,payattempt_00000142,2025-06-01 00:00:00,278.9,GBP,325.3,captured,2025-06-03
payment_00000126,invoice_00000130,payattempt_00000143,2025-07-01 00:00:00,275.93,GBP,325.3,captured,2025-07-03
payment_00000127,invoice_00000131,payattempt_00000144,2025-08-01 00:00:00,278.8,GBP,325.29,captured,2025-08-03
payment_00000128,invoice_00000132,payattempt_00000145,2025-09-01 00:00:00,281.54,GBP,325.3,captured,2025-09-03
payment_00000129,invoice_00000133,payattempt_00000146,2025-10-01 00:00:00,286.43,GBP,325.29,captured,2025-10-03
payment_00000130,invoice_00000134,payattempt_00000147,2025-11-01 00:00:00,280.34,GBP,325.3,captured,2025-11-03
payment_00000131,invoice_00000135,payattempt_00000148,2025-12-01 00:00:00,274.42,GBP,325.29,captured,2025-12-03
payment_00000132,invoice_00000136,payattempt_00000149,2026-01-01 00:00:00,274.96,GBP,325.3,captured,2026-01-03
payment_00000133,invoice_00000137,payattempt_00000150,2026-02-01 00:00:00,274.54,GBP,325.3,captured,2026-02-03
payment_00000134,invoice_00000138,payattempt_00000151,2026-03-01 00:00:00,278.3,GBP,325.29,captured,2026-03-03
payment_00000135,invoice_00000139,payattempt_00000152,2026-04-01 00:00:00,278.57,GBP,325.3,captured,2026-04-03
payment_00000136,invoice_00000140,payattempt_00000153,2026-05-01 00:00:00,278.99,GBP,325.29,captured,2026-05-03
payment_00000137,invoice_00000142,payattempt_00000157,2024-03-07 00:00:00,764.69,EUR,764.69,captured,2024-03-09
payment_00000138,invoice_00000143,payattempt_00000158,2025-03-01 00:00:00,910.35,EUR,910.35,captured,2025-03-03
payment_00000139,invoice_00000144,payattempt_00000159,2025-12-29 00:00:00,51.39,EUR,51.39,captured,2025-12-31
payment_00000140,invoice_00000145,payattempt_00000160,2026-01-01 00:00:00,51.39,EUR,51.39,captured,2026-01-03
payment_00000141,invoice_00000146,payattempt_00000161,2026-02-01 00:00:00,51.39,EUR,51.39,captured,2026-02-03
payment_00000142,invoice_00000147,payattempt_00000163,2026-03-05 00:00:00,51.39,EUR,51.39,captured,2026-03-07
payment_00000143,invoice_00000148,payattempt_00000164,2026-04-01 00:00:00,51.39,EUR,51.39,captured,2026-04-03
payment_00000144,invoice_00000149,payattempt_00000165,2026-05-01 00:00:00,51.39,EUR,51.39,captured,2026-05-03
payment_00000145,invoice_00000150,payattempt_00000166,2026-06-01 00:00:00,51.39,EUR,51.39,captured,2026-06-03
payment_00000146,invoice_00000151,payattempt_00000167,2025-02-19 00:00:00,3557.11,EUR,3557.11,captured,2025-02-21
payment_00000147,invoice_00000152,payattempt_00000168,2026-02-01 00:00:00,4552.75,EUR,4552.75,captured,2026-02-03
payment_00000148,invoice_00000153,payattempt_00000169,2024-12-10 00:00:00,19482.75,SEK,1685.1,captured,2024-12-12
payment_00000149,invoice_00000154,payattempt_00000170,2025-12-01 00:00:00,21424.35,SEK,1819.91,captured,2025-12-03
payment_00000150,invoice_00000155,payattempt_00000171,2026-02-19 00:00:00,515.52,EUR,515.52,captured,2026-02-21
payment_00000151,invoice_00000156,payattempt_00000174,2024-11-22 00:00:00,738.63,EUR,738.63,captured,2024-11-24
payment_00000152,invoice_00000157,payattempt_00000175,2025-11-01 00:00:00,797.73,EUR,797.73,captured,2025-11-03
payment_00000153,invoice_00000158,payattempt_00000176,2026-02-10 00:00:00,377.67,EUR,377.67,captured,2026-02-12
payment_00000154,invoice_00000159,payattempt_00000177,2026-03-01 00:00:00,377.67,EUR,377.67,captured,2026-03-03
payment_00000155,invoice_00000160,payattempt_00000178,2026-04-01 00:00:00,739.46,EUR,739.46,captured,2026-04-03
payment_00000156,invoice_00000161,payattempt_00000179,2026-05-01 00:00:00,1305.74,EUR,1305.74,captured,2026-05-03
payment_00000157,invoice_00000162,payattempt_00000180,2026-06-01 00:00:00,1305.74,EUR,1305.74,captured,2026-06-03
payment_00000158,invoice_00000163,payattempt_00000181,2025-05-30 00:00:00,780410.55,SEK,67508.63,captured,2025-06-01
payment_00000159,invoice_00000164,payattempt_00000182,2026-05-01 00:00:00,1021516.65,SEK,90468.58,captured,2026-05-03
payment_00000160,invoice_00000165,payattempt_00000183,2026-05-11 00:00:00,110.04,GBP,128.3,captured,2026-05-13
payment_00000161,invoice_00000166,payattempt_00000184,2026-06-01 00:00:00,112.48,GBP,128.31,captured,2026-06-03
payment_00000162,invoice_00000167,payattempt_00000185,2026-05-25 00:00:00,17883.45,NOK,1315.11,captured,2026-05-27
payment_00000163,invoice_00000168,payattempt_00000186,2024-08-08 00:00:00,7476.9,NOK,650.24,captured,2024-08-10
payment_00000164,invoice_00000169,payattempt_00000187,2025-08-01 00:00:00,31056.15,NOK,2443.78,captured,2025-08-03
payment_00000165,invoice_00000170,payattempt_00000188,2026-05-30 00:00:00,3053.66,EUR,3053.66,captured,2026-06-01
payment_00000166,invoice_00000171,payattempt_00000189,2024-05-13 00:00:00,27710.1,NOK,2410.31,captured,2024-05-15
payment_00000167,invoice_00000172,payattempt_00000190,2025-05-01 00:00:00,33125.85,NOK,2603.13,captured,2025-05-03
payment_00000168,invoice_00000173,payattempt_00000191,2026-05-01 00:00:00,35398.5,NOK,2603.13,captured,2026-05-03
payment_00000169,invoice_00000174,payattempt_00000192,2025-05-04 00:00:00,329512.61,GBP,388247.57,captured,2025-05-06
payment_00000170,invoice_00000175,payattempt_00000193,2026-05-01 00:00:00,336848.69,GBP,392757.49,captured,2026-05-03
payment_00000171,invoice_00000176,payattempt_00000194,2024-07-27 00:00:00,56851.39,PLN,12883.95,captured,2024-07-29
payment_00000172,invoice_00000177,payattempt_00000195,2025-07-01 00:00:00,70877.22,PLN,17082.4,captured,2025-07-03
payment_00000173,invoice_00000178,payattempt_00000196,2025-01-15 00:00:00,185.64,EUR,185.64,captured,2025-01-17
payment_00000174,invoice_00000179,payattempt_00000197,2025-02-01 00:00:00,185.64,EUR,185.64,captured,2025-02-03
payment_00000175,invoice_00000180,payattempt_00000198,2025-03-01 00:00:00,481.95,EUR,481.95,captured,2025-03-03
payment_00000176,invoice_00000181,payattempt_00000199,2025-04-01 00:00:00,555.11,EUR,555.11,captured,2025-04-03
payment_00000177,invoice_00000182,payattempt_00000200,2025-05-01 00:00:00,555.11,EUR,555.11,captured,2025-05-03
payment_00000178,invoice_00000183,payattempt_00000201,2025-06-01 00:00:00,555.11,EUR,555.11,captured,2025-06-03
payment_00000179,invoice_00000184,payattempt_00000202,2025-07-01 00:00:00,555.11,EUR,555.11,captured,2025-07-03
payment_00000180,invoice_00000185,payattempt_00000203,2025-08-01 00:00:00,555.11,EUR,555.11,captured,2025-08-03
payment_00000181,invoice_00000186,payattempt_00000204,2025-09-01 00:00:00,579.53,EUR,579.53,captured,2025-09-03
payment_00000182,invoice_00000187,payattempt_00000205,2025-10-01 00:00:00,579.53,EUR,579.53,captured,2025-10-03
payment_00000183,invoice_00000188,payattempt_00000208,2025-11-07 00:00:00,579.53,EUR,579.53,captured,2025-11-09
payment_00000184,invoice_00000189,payattempt_00000209,2025-12-01 00:00:00,579.53,EUR,579.53,captured,2025-12-03
payment_00000185,invoice_00000190,payattempt_00000210,2026-01-01 00:00:00,579.53,EUR,579.53,captured,2026-01-03
payment_00000186,invoice_00000191,payattempt_00000211,2026-02-01 00:00:00,579.53,EUR,579.53,captured,2026-02-03
payment_00000187,invoice_00000192,payattempt_00000212,2026-03-01 00:00:00,579.53,EUR,579.53,captured,2026-03-03
payment_00000188,invoice_00000193,payattempt_00000213,2026-04-01 00:00:00,579.53,EUR,579.53,captured,2026-04-03
payment_00000189,invoice_00000194,payattempt_00000214,2026-05-01 00:00:00,579.53,EUR,579.53,captured,2026-05-03
payment_00000190,invoice_00000195,payattempt_00000215,2026-06-01 00:00:00,579.53,EUR,579.53,captured,2026-06-03
payment_00000191,invoice_00000196,payattempt_00000216,2024-08-18 00:00:00,1467.73,EUR,1467.73,captured,2024-08-20
payment_00000192,invoice_00000197,payattempt_00000217,2024-09-01 00:00:00,1467.73,EUR,1467.73,captured,2024-09-03
payment_00000193,invoice_00000198,payattempt_00000218,2024-10-01 00:00:00,1467.73,EUR,1467.73,captured,2024-10-03
payment_00000194,invoice_00000199,payattempt_00000219,2024-11-01 00:00:00,1859.77,EUR,1859.77,captured,2024-11-03
payment_00000195,invoice_00000200,payattempt_00000220,2024-12-01 00:00:00,1859.77,EUR,1859.77,captured,2024-12-03
payment_00000196,invoice_00000201,payattempt_00000221,2025-01-01 00:00:00,1859.77,EUR,1859.77,captured,2025-01-03
payment_00000197,invoice_00000202,payattempt_00000222,2025-02-01 00:00:00,2455.09,EUR,2455.09,captured,2025-02-03
payment_00000198,invoice_00000203,payattempt_00000223,2025-03-01 00:00:00,2455.09,EUR,2455.09,captured,2025-03-03
payment_00000199,invoice_00000204,payattempt_00000224,2025-04-01 00:00:00,2627.39,EUR,2627.39,captured,2025-04-03
payment_00000200,invoice_00000205,payattempt_00000225,2025-05-01 00:00:00,2627.39,EUR,2627.39,captured,2025-05-03
payment_00000201,invoice_00000206,payattempt_00000226,2025-06-01 00:00:00,2627.39,EUR,2627.39,captured,2025-06-03
payment_00000202,invoice_00000207,payattempt_00000227,2025-07-01 00:00:00,2627.39,EUR,2627.39,captured,2025-07-03
payment_00000203,invoice_00000208,payattempt_00000228,2025-08-01 00:00:00,2627.39,EUR,2627.39,captured,2025-08-03
payment_00000204,invoice_00000209,payattempt_00000229,2025-09-01 00:00:00,2627.39,EUR,2627.39,captured,2025-09-03
payment_00000205,invoice_00000210,payattempt_00000230,2025-10-01 00:00:00,2627.39,EUR,2627.39,captured,2025-10-03
payment_00000206,invoice_00000211,payattempt_00000231,2025-11-01 00:00:00,2627.39,EUR,2627.39,captured,2025-11-03
payment_00000207,invoice_00000212,payattempt_00000232,2025-12-01 00:00:00,2627.39,EUR,2627.39,captured,2025-12-03
payment_00000208,invoice_00000213,payattempt_00000233,2026-01-01 00:00:00,2627.39,EUR,2627.39,captured,2026-01-03
payment_00000209,invoice_00000214,payattempt_00000234,2026-02-01 00:00:00,2627.39,EUR,2627.39,captured,2026-02-03
payment_00000210,invoice_00000215,payattempt_00000235,2026-03-01 00:00:00,2627.39,EUR,2627.39,captured,2026-03-03
payment_00000211,invoice_00000216,payattempt_00000236,2026-04-01 00:00:00,2874.38,EUR,2874.38,captured,2026-04-03
payment_00000212,invoice_00000217,payattempt_00000237,2026-05-01 00:00:00,2874.38,EUR,2874.38,captured,2026-05-03
payment_00000213,invoice_00000218,payattempt_00000238,2026-06-01 00:00:00,3372.27,EUR,3372.27,captured,2026-06-03
payment_00000214,invoice_00000219,payattempt_00000239,2025-08-09 00:00:00,96.64,GBP,112.75,captured,2025-08-11
payment_00000215,invoice_00000220,payattempt_00000240,2025-09-01 00:00:00,97.58,GBP,112.75,captured,2025-09-03
payment_00000216,invoice_00000221,payattempt_00000241,2025-10-01 00:00:00,99.28,GBP,112.75,captured,2025-10-03
payment_00000217,invoice_00000222,payattempt_00000242,2025-11-01 00:00:00,97.16,GBP,112.75,captured,2025-11-03
payment_00000218,invoice_00000223,payattempt_00000243,2025-12-01 00:00:00,95.11,GBP,112.75,captured,2025-12-03
payment_00000219,invoice_00000224,payattempt_00000244,2026-01-01 00:00:00,185.58,GBP,219.56,captured,2026-01-03
payment_00000220,invoice_00000225,payattempt_00000245,2026-02-01 00:00:00,488.1,GBP,578.36,captured,2026-02-03
payment_00000221,invoice_00000226,payattempt_00000246,2026-03-01 00:00:00,627.25,GBP,733.16,captured,2026-03-03
payment_00000222,invoice_00000227,payattempt_00000247,2026-04-01 00:00:00,627.83,GBP,733.15,captured,2026-04-03
payment_00000223,invoice_00000228,payattempt_00000248,2026-05-01 00:00:00,628.79,GBP,733.15,captured,2026-05-03
payment_00000224,invoice_00000230,payattempt_00000253,2025-10-03 00:00:00,48.41,EUR,48.41,captured,2025-10-05
payment_00000225,invoice_00000231,payattempt_00000254,2025-11-01 00:00:00,48.41,EUR,48.41,captured,2025-11-03
payment_00000226,invoice_00000232,payattempt_00000255,2025-12-01 00:00:00,48.41,EUR,48.41,captured,2025-12-03
payment_00000227,invoice_00000233,payattempt_00000256,2026-01-01 00:00:00,48.41,EUR,48.41,captured,2026-01-03
payment_00000228,invoice_00000234,payattempt_00000257,2026-02-01 00:00:00,48.41,EUR,48.41,captured,2026-02-03
payment_00000229,invoice_00000235,payattempt_00000258,2026-03-01 00:00:00,48.41,EUR,48.41,captured,2026-03-03
payment_00000230,invoice_00000236,payattempt_00000259,2026-04-01 00:00:00,48.41,EUR,48.41,captured,2026-04-03
payment_00000231,invoice_00000237,payattempt_00000260,2026-05-01 00:00:00,433.19,EUR,433.19,captured,2026-05-03
payment_00000232,invoice_00000238,payattempt_00000261,2026-06-01 00:00:00,433.19,EUR,433.19,captured,2026-06-03
payment_00000233,invoice_00000239,payattempt_00000262,2024-10-13 00:00:00,56.3,EUR,56.3,captured,2024-10-15
payment_00000234,invoice_00000240,payattempt_00000263,2024-11-01 00:00:00,56.3,EUR,56.3,captured,2024-11-03
payment_00000235,invoice_00000241,payattempt_00000264,2024-12-01 00:00:00,56.3,EUR,56.3,captured,2024-12-03
payment_00000236,invoice_00000242,payattempt_00000265,2025-01-01 00:00:00,56.3,EUR,56.3,captured,2025-01-03
payment_00000237,invoice_00000243,payattempt_00000266,2025-02-01 00:00:00,56.3,EUR,56.3,captured,2025-02-03
payment_00000238,invoice_00000244,payattempt_00000267,2025-03-01 00:00:00,56.3,EUR,56.3,captured,2025-03-03
payment_00000239,invoice_00000245,payattempt_00000268,2025-04-01 00:00:00,60.8,EUR,60.8,captured,2025-04-03
payment_00000240,invoice_00000246,payattempt_00000269,2025-05-01 00:00:00,75.12,EUR,75.12,captured,2025-05-03
payment_00000241,invoice_00000247,payattempt_00000270,2025-06-01 00:00:00,75.12,EUR,75.12,captured,2025-06-03
payment_00000242,invoice_00000248,payattempt_00000271,2025-07-01 00:00:00,75.12,EUR,75.12,captured,2025-07-03
payment_00000243,invoice_00000249,payattempt_00000272,2025-08-01 00:00:00,75.12,EUR,75.12,captured,2025-08-03
payment_00000244,invoice_00000250,payattempt_00000273,2025-09-01 00:00:00,75.12,EUR,75.12,captured,2025-09-03
payment_00000245,invoice_00000251,payattempt_00000274,2025-10-01 00:00:00,75.12,EUR,75.12,captured,2025-10-03
payment_00000246,invoice_00000252,payattempt_00000275,2025-11-01 00:00:00,75.12,EUR,75.12,captured,2025-11-03
payment_00000247,invoice_00000253,payattempt_00000276,2025-12-01 00:00:00,75.12,EUR,75.12,captured,2025-12-03
payment_00000248,invoice_00000254,payattempt_00000277,2026-01-01 00:00:00,75.12,EUR,75.12,captured,2026-01-03
payment_00000249,invoice_00000255,payattempt_00000278,2026-02-01 00:00:00,75.12,EUR,75.12,captured,2026-02-03
payment_00000250,invoice_00000256,payattempt_00000279,2026-03-01 00:00:00,75.12,EUR,75.12,captured,2026-03-03
payment_00000251,invoice_00000257,payattempt_00000280,2026-04-01 00:00:00,75.12,EUR,75.12,captured,2026-04-03
payment_00000252,invoice_00000258,payattempt_00000282,2026-05-03 00:00:00,75.12,EUR,75.12,captured,2026-05-05
payment_00000253,invoice_00000259,payattempt_00000283,2026-06-01 00:00:00,75.12,EUR,75.12,captured,2026-06-03
payment_00000254,invoice_00000260,payattempt_00000284,2024-08-01 00:00:00,117.81,EUR,117.81,captured,2024-08-03
payment_00000255,invoice_00000261,payattempt_00000285,2024-09-01 00:00:00,117.81,EUR,117.81,captured,2024-09-03
payment_00000256,invoice_00000262,payattempt_00000286,2024-10-01 00:00:00,117.81,EUR,117.81,captured,2024-10-03
payment_00000257,invoice_00000263,payattempt_00000287,2024-11-01 00:00:00,117.81,EUR,117.81,captured,2024-11-03
payment_00000258,invoice_00000264,payattempt_00000288,2024-12-01 00:00:00,117.81,EUR,117.81,captured,2024-12-03
payment_00000259,invoice_00000265,payattempt_00000289,2025-01-01 00:00:00,117.81,EUR,117.81,captured,2025-01-03
payment_00000260,invoice_00000266,payattempt_00000290,2025-02-01 00:00:00,117.81,EUR,117.81,captured,2025-02-03
payment_00000261,invoice_00000267,payattempt_00000291,2025-03-01 00:00:00,117.81,EUR,117.81,captured,2025-03-03
payment_00000262,invoice_00000268,payattempt_00000292,2025-04-01 00:00:00,127.23,EUR,127.23,captured,2025-04-03
payment_00000263,invoice_00000269,payattempt_00000293,2025-05-01 00:00:00,127.23,EUR,127.23,captured,2025-05-03
payment_00000264,invoice_00000270,payattempt_00000294,2025-06-01 00:00:00,127.23,EUR,127.23,captured,2025-06-03
payment_00000265,invoice_00000271,payattempt_00000295,2025-07-01 00:00:00,127.23,EUR,127.23,captured,2025-07-03
payment_00000266,invoice_00000272,payattempt_00000296,2025-08-01 00:00:00,127.23,EUR,127.23,captured,2025-08-03
payment_00000267,invoice_00000273,payattempt_00000297,2025-09-01 00:00:00,127.23,EUR,127.23,captured,2025-09-03
payment_00000268,invoice_00000274,payattempt_00000298,2025-10-01 00:00:00,127.23,EUR,127.23,captured,2025-10-03
payment_00000269,invoice_00000276,payattempt_00000302,2025-12-01 00:00:00,127.23,EUR,127.23,captured,2025-12-03
payment_00000270,invoice_00000277,payattempt_00000303,2026-01-01 00:00:00,127.23,EUR,127.23,captured,2026-01-03
payment_00000271,invoice_00000278,payattempt_00000304,2026-02-01 00:00:00,127.23,EUR,127.23,captured,2026-02-03
payment_00000272,invoice_00000279,payattempt_00000305,2026-03-01 00:00:00,127.23,EUR,127.23,captured,2026-03-03
payment_00000273,invoice_00000280,payattempt_00000306,2026-04-01 00:00:00,127.23,EUR,127.23,captured,2026-04-03
payment_00000274,invoice_00000281,payattempt_00000307,2026-05-01 00:00:00,127.23,EUR,127.23,captured,2026-05-03
payment_00000275,invoice_00000282,payattempt_00000308,2026-06-01 00:00:00,127.23,EUR,127.23,captured,2026-06-03
payment_00000276,invoice_00000283,payattempt_00000310,2026-03-14 00:00:00,6112.5,SEK,537.03,captured,2026-03-16
payment_00000277,invoice_00000284,payattempt_00000311,2025-02-05 00:00:00,1842.05,EUR,1842.05,captured,2025-02-07
payment_00000278,invoice_00000285,payattempt_00000312,2026-02-01 00:00:00,1989.36,EUR,1989.36,captured,2026-02-03
payment_00000279,invoice_00000286,payattempt_00000313,2024-08-23 00:00:00,1600.8,EUR,1600.8,captured,2024-08-25
payment_00000280,invoice_00000287,payattempt_00000314,2024-09-01 00:00:00,1600.8,EUR,1600.8,captured,2024-09-03
payment_00000281,invoice_00000288,payattempt_00000315,2024-10-01 00:00:00,1600.8,EUR,1600.8,captured,2024-10-03
payment_00000282,invoice_00000289,payattempt_00000316,2024-11-01 00:00:00,1600.8,EUR,1600.8,captured,2024-11-03
payment_00000283,invoice_00000290,payattempt_00000317,2024-12-01 00:00:00,2259.6,EUR,2259.6,captured,2024-12-03
payment_00000284,invoice_00000291,payattempt_00000318,2025-01-01 00:00:00,2259.6,EUR,2259.6,captured,2025-01-03
payment_00000285,invoice_00000292,payattempt_00000319,2025-02-01 00:00:00,2259.6,EUR,2259.6,captured,2025-02-03
payment_00000286,invoice_00000293,payattempt_00000320,2025-03-01 00:00:00,2259.6,EUR,2259.6,captured,2025-03-03
payment_00000287,invoice_00000294,payattempt_00000321,2025-04-01 00:00:00,2435.66,EUR,2435.66,captured,2025-04-03
payment_00000288,invoice_00000295,payattempt_00000322,2025-05-01 00:00:00,2435.66,EUR,2435.66,captured,2025-05-03
payment_00000289,invoice_00000296,payattempt_00000323,2025-06-01 00:00:00,2435.66,EUR,2435.66,captured,2025-06-03
payment_00000290,invoice_00000297,payattempt_00000324,2025-07-01 00:00:00,2435.66,EUR,2435.66,captured,2025-07-03
payment_00000291,invoice_00000298,payattempt_00000325,2025-08-01 00:00:00,2884.08,EUR,2884.08,captured,2025-08-03
payment_00000292,invoice_00000299,payattempt_00000326,2025-09-01 00:00:00,2531.57,EUR,2531.57,captured,2025-09-03
payment_00000293,invoice_00000300,payattempt_00000327,2025-10-01 00:00:00,3104.4,EUR,3104.4,captured,2025-10-03
payment_00000294,invoice_00000301,payattempt_00000328,2025-11-01 00:00:00,2487.5,EUR,2487.5,captured,2025-11-03
payment_00000295,invoice_00000302,payattempt_00000329,2025-12-01 00:00:00,2487.5,EUR,2487.5,captured,2025-12-03
payment_00000296,invoice_00000303,payattempt_00000330,2026-01-01 00:00:00,2487.5,EUR,2487.5,captured,2026-01-03
payment_00000297,invoice_00000304,payattempt_00000331,2026-02-01 00:00:00,2487.5,EUR,2487.5,captured,2026-02-03
payment_00000298,invoice_00000305,payattempt_00000332,2026-03-01 00:00:00,2487.5,EUR,2487.5,captured,2026-03-03
payment_00000299,invoice_00000306,payattempt_00000334,2026-04-04 00:00:00,2487.5,EUR,2487.5,captured,2026-04-06
payment_00000300,invoice_00000307,payattempt_00000335,2026-05-01 00:00:00,2487.5,EUR,2487.5,captured,2026-05-03
payment_00000301,invoice_00000308,payattempt_00000336,2026-06-01 00:00:00,2487.5,EUR,2487.5,captured,2026-06-03
payment_00000302,invoice_00000309,payattempt_00000337,2025-06-12 00:00:00,593.99,SEK,52.65,captured,2025-06-14
payment_00000303,invoice_00000310,payattempt_00000338,2025-07-01 00:00:00,779.21,SEK,68.85,captured,2025-07-03
payment_00000304,invoice_00000311,payattempt_00000339,2025-08-01 00:00:00,789.88,SEK,68.85,captured,2025-08-03
payment_00000305,invoice_00000312,payattempt_00000340,2025-09-01 00:00:00,800.4,SEK,68.85,captured,2025-09-03
payment_00000306,invoice_00000313,payattempt_00000341,2025-10-01 00:00:00,821.2,SEK,68.85,captured,2025-10-03
payment_00000307,invoice_00000314,payattempt_00000342,2025-11-01 00:00:00,826.61,SEK,68.85,captured,2025-11-03
payment_00000308,invoice_00000315,payattempt_00000343,2025-12-01 00:00:00,810.51,SEK,68.85,captured,2025-12-03
payment_00000309,invoice_00000316,payattempt_00000344,2026-01-01 00:00:00,799.01,SEK,68.85,captured,2026-01-03
payment_00000310,invoice_00000317,payattempt_00000345,2026-02-01 00:00:00,786.5,SEK,68.85,captured,2026-02-03
payment_00000311,invoice_00000318,payattempt_00000346,2026-03-01 00:00:00,783.66,SEK,68.85,captured,2026-03-03
payment_00000312,invoice_00000319,payattempt_00000347,2026-04-01 00:00:00,953.1,SEK,85.05,captured,2026-04-03
payment_00000313,invoice_00000320,payattempt_00000348,2026-05-01 00:00:00,960.34,SEK,85.05,captured,2026-05-03
payment_00000314,invoice_00000321,payattempt_00000349,2026-06-01 00:00:00,958.88,SEK,85.05,captured,2026-06-03
payment_00000315,invoice_00000322,payattempt_00000350,2025-10-20 00:00:00,519.82,EUR,519.82,captured,2025-10-22
payment_00000316,invoice_00000323,payattempt_00000351,2025-05-16 00:00:00,39835.27,GBP,46935.83,captured,2025-05-18
payment_00000317,invoice_00000324,payattempt_00000352,2025-06-01 00:00:00,40241.6,GBP,46935.84,captured,2025-06-03
payment_00000318,invoice_00000325,payattempt_00000353,2025-07-01 00:00:00,37456.16,GBP,44157.6,captured,2025-07-03
payment_00000319,invoice_00000326,payattempt_00000354,2025-08-01 00:00:00,37845.89,GBP,44157.6,captured,2025-08-03
payment_00000320,invoice_00000327,payattempt_00000355,2025-09-01 00:00:00,31374.58,GBP,36250.31,captured,2025-09-03
payment_00000321,invoice_00000328,payattempt_00000356,2025-10-01 00:00:00,31919.11,GBP,36250.31,captured,2025-10-03
payment_00000322,invoice_00000329,payattempt_00000357,2025-11-01 00:00:00,31497.92,GBP,36549.12,captured,2025-11-03
payment_00000323,invoice_00000330,payattempt_00000358,2025-12-01 00:00:00,30832.88,GBP,36549.12,captured,2025-12-03
payment_00000324,invoice_00000331,payattempt_00000359,2026-01-01 00:00:00,30892.48,GBP,36549.1,captured,2026-01-03
payment_00000325,invoice_00000332,payattempt_00000360,2026-02-01 00:00:00,35390.52,GBP,41934.62,captured,2026-02-03
payment_00000326,invoice_00000333,payattempt_00000361,2026-03-01 00:00:00,35877.22,GBP,41934.62,captured,2026-03-03
payment_00000327,invoice_00000334,payattempt_00000362,2026-04-01 00:00:00,35910.36,GBP,41934.61,captured,2026-04-03
payment_00000328,invoice_00000335,payattempt_00000363,2026-05-01 00:00:00,35965.24,GBP,41934.6,captured,2026-05-03
payment_00000329,invoice_00000336,payattempt_00000364,2026-06-01 00:00:00,36760.63,GBP,41934.62,captured,2026-06-03
payment_00000330,invoice_00000337,payattempt_00000365,2024-06-29 00:00:00,48653.18,EUR,48653.18,captured,2024-07-01
payment_00000331,invoice_00000338,payattempt_00000366,2025-06-01 00:00:00,65848.35,EUR,65848.35,captured,2025-06-03
payment_00000332,invoice_00000339,payattempt_00000367,2026-06-01 00:00:00,54502.27,EUR,54502.27,captured,2026-06-03
payment_00000333,invoice_00000340,payattempt_00000368,2025-08-25 00:00:00,46.89,EUR,46.89,captured,2025-08-27
payment_00000334,invoice_00000341,payattempt_00000369,2025-09-01 00:00:00,46.89,EUR,46.89,captured,2025-09-03
payment_00000335,invoice_00000342,payattempt_00000370,2025-10-01 00:00:00,46.89,EUR,46.89,captured,2025-10-03
payment_00000336,invoice_00000343,payattempt_00000371,2025-11-01 00:00:00,46.89,EUR,46.89,captured,2025-11-03
payment_00000337,invoice_00000344,payattempt_00000372,2025-12-01 00:00:00,46.89,EUR,46.89,captured,2025-12-03
payment_00000338,invoice_00000345,payattempt_00000373,2026-01-01 00:00:00,46.89,EUR,46.89,captured,2026-01-03
payment_00000339,invoice_00000346,payattempt_00000374,2026-02-01 00:00:00,46.89,EUR,46.89,captured,2026-02-03
payment_00000340,invoice_00000347,payattempt_00000375,2026-03-01 00:00:00,46.89,EUR,46.89,captured,2026-03-03
payment_00000341,invoice_00000348,payattempt_00000376,2026-04-01 00:00:00,46.89,EUR,46.89,captured,2026-04-03
payment_00000342,invoice_00000349,payattempt_00000377,2026-05-01 00:00:00,46.89,EUR,46.89,captured,2026-05-03
payment_00000343,invoice_00000350,payattempt_00000378,2026-06-01 00:00:00,46.89,EUR,46.89,captured,2026-06-03
payment_00000344,invoice_00000351,payattempt_00000379,2024-09-24 00:00:00,1757.64,EUR,1757.64,captured,2024-09-26
payment_00000345,invoice_00000352,payattempt_00000380,2024-10-01 00:00:00,1757.64,EUR,1757.64,captured,2024-10-03
payment_00000346,invoice_00000353,payattempt_00000381,2024-11-01 00:00:00,1757.64,EUR,1757.64,captured,2024-11-03
payment_00000347,invoice_00000354,payattempt_00000382,2024-12-01 00:00:00,1757.64,EUR,1757.64,captured,2024-12-03
payment_00000348,invoice_00000355,payattempt_00000383,2025-01-01 00:00:00,1757.64,EUR,1757.64,captured,2025-01-03
payment_00000349,invoice_00000356,payattempt_00000384,2025-02-01 00:00:00,1757.64,EUR,1757.64,captured,2025-02-03
payment_00000350,invoice_00000357,payattempt_00000385,2025-03-01 00:00:00,1757.64,EUR,1757.64,captured,2025-03-03
payment_00000351,invoice_00000358,payattempt_00000386,2025-04-01 00:00:00,1898.26,EUR,1898.26,captured,2025-04-03
payment_00000352,invoice_00000359,payattempt_00000387,2025-05-01 00:00:00,1898.26,EUR,1898.26,captured,2025-05-03
payment_00000353,invoice_00000360,payattempt_00000388,2025-06-01 00:00:00,1898.26,EUR,1898.26,captured,2025-06-03
payment_00000354,invoice_00000361,payattempt_00000389,2025-07-01 00:00:00,1898.26,EUR,1898.26,captured,2025-07-03
payment_00000355,invoice_00000362,payattempt_00000390,2025-08-01 00:00:00,1660.66,EUR,1660.66,captured,2025-08-03
payment_00000356,invoice_00000363,payattempt_00000391,2025-09-01 00:00:00,1660.66,EUR,1660.66,captured,2025-09-03
payment_00000357,invoice_00000364,payattempt_00000392,2025-10-01 00:00:00,1966.14,EUR,1966.14,captured,2025-10-03
payment_00000358,invoice_00000365,payattempt_00000393,2025-11-01 00:00:00,1966.14,EUR,1966.14,captured,2025-11-03
payment_00000359,invoice_00000366,payattempt_00000394,2025-12-01 00:00:00,1966.14,EUR,1966.14,captured,2025-12-03
payment_00000360,invoice_00000367,payattempt_00000395,2026-01-01 00:00:00,1966.14,EUR,1966.14,captured,2026-01-03
payment_00000361,invoice_00000368,payattempt_00000396,2026-02-01 00:00:00,2271.61,EUR,2271.61,captured,2026-02-03
payment_00000362,invoice_00000370,payattempt_00000402,2026-04-04 00:00:00,2882.58,EUR,2882.58,captured,2026-04-06
payment_00000363,invoice_00000371,payattempt_00000403,2026-05-01 00:00:00,2882.58,EUR,2882.58,captured,2026-05-03
payment_00000364,invoice_00000372,payattempt_00000404,2026-06-01 00:00:00,4407.47,EUR,4407.47,captured,2026-06-03
payment_00000365,invoice_00000373,payattempt_00000405,2025-11-18 00:00:00,202.18,EUR,202.18,captured,2025-11-20
payment_00000366,invoice_00000374,payattempt_00000406,2025-12-01 00:00:00,202.18,EUR,202.18,captured,2025-12-03
payment_00000367,invoice_00000375,payattempt_00000407,2026-01-01 00:00:00,560.98,EUR,560.98,captured,2026-01-03
payment_00000368,invoice_00000376,payattempt_00000408,2026-02-01 00:00:00,560.98,EUR,560.98,captured,2026-02-03
payment_00000369,invoice_00000377,payattempt_00000409,2026-03-01 00:00:00,560.98,EUR,560.98,captured,2026-03-03
payment_00000370,invoice_00000378,payattempt_00000410,2026-04-01 00:00:00,715.78,EUR,715.78,captured,2026-04-03
payment_00000371,invoice_00000379,payattempt_00000411,2026-05-01 00:00:00,715.78,EUR,715.78,captured,2026-05-03
payment_00000372,invoice_00000380,payattempt_00000412,2026-06-01 00:00:00,715.78,EUR,715.78,captured,2026-06-03
payment_00000373,invoice_00000381,payattempt_00000413,2024-11-11 00:00:00,217.77,EUR,217.77,captured,2024-11-13
payment_00000374,invoice_00000382,payattempt_00000414,2024-12-01 00:00:00,217.77,EUR,217.77,captured,2024-12-03
payment_00000375,invoice_00000383,payattempt_00000415,2025-01-01 00:00:00,217.77,EUR,217.77,captured,2025-01-03
payment_00000376,invoice_00000384,payattempt_00000416,2025-02-01 00:00:00,217.77,EUR,217.77,captured,2025-02-03
payment_00000377,invoice_00000385,payattempt_00000417,2025-03-01 00:00:00,343.91,EUR,343.91,captured,2025-03-03
payment_00000378,invoice_00000386,payattempt_00000418,2025-04-01 00:00:00,371.42,EUR,371.42,captured,2025-04-03
payment_00000379,invoice_00000387,payattempt_00000419,2025-05-01 00:00:00,371.42,EUR,371.42,captured,2025-05-03
payment_00000380,invoice_00000388,payattempt_00000420,2025-06-01 00:00:00,371.42,EUR,371.42,captured,2025-06-03
payment_00000381,invoice_00000389,payattempt_00000421,2025-07-01 00:00:00,371.42,EUR,371.42,captured,2025-07-03
payment_00000382,invoice_00000390,payattempt_00000422,2025-08-01 00:00:00,371.42,EUR,371.42,captured,2025-08-03
payment_00000383,invoice_00000391,payattempt_00000423,2025-09-01 00:00:00,371.42,EUR,371.42,captured,2025-09-03
payment_00000384,invoice_00000392,payattempt_00000424,2025-10-01 00:00:00,371.42,EUR,371.42,captured,2025-10-03
payment_00000385,invoice_00000393,payattempt_00000427,2025-11-05 00:00:00,371.42,EUR,371.42,captured,2025-11-07
payment_00000386,invoice_00000394,payattempt_00000428,2025-12-01 00:00:00,371.42,EUR,371.42,captured,2025-12-03
payment_00000387,invoice_00000395,payattempt_00000429,2026-01-01 00:00:00,371.42,EUR,371.42,captured,2026-01-03
payment_00000388,invoice_00000396,payattempt_00000430,2026-02-01 00:00:00,371.42,EUR,371.42,captured,2026-02-03
payment_00000389,invoice_00000397,payattempt_00000431,2026-03-01 00:00:00,371.42,EUR,371.42,captured,2026-03-03
payment_00000390,invoice_00000398,payattempt_00000433,2026-04-03 00:00:00,371.42,EUR,371.42,captured,2026-04-05
payment_00000391,invoice_00000399,payattempt_00000434,2026-05-01 00:00:00,371.42,EUR,371.42,captured,2026-05-03
payment_00000392,invoice_00000400,payattempt_00000435,2026-06-01 00:00:00,371.42,EUR,371.42,captured,2026-06-03
payment_00000393,invoice_00000401,payattempt_00000436,2025-04-20 00:00:00,235.19,EUR,235.19,captured,2025-04-22
payment_00000394,invoice_00000402,payattempt_00000438,2025-05-05 00:00:00,235.19,EUR,235.19,captured,2025-05-07
payment_00000395,invoice_00000403,payattempt_00000439,2025-06-01 00:00:00,235.19,EUR,235.19,captured,2025-06-03
payment_00000396,invoice_00000404,payattempt_00000440,2025-07-01 00:00:00,235.19,EUR,235.19,captured,2025-07-03
payment_00000397,invoice_00000405,payattempt_00000442,2025-08-05 00:00:00,235.19,EUR,235.19,captured,2025-08-07
payment_00000398,invoice_00000406,payattempt_00000443,2025-09-01 00:00:00,371.42,EUR,371.42,captured,2025-09-03
payment_00000399,invoice_00000407,payattempt_00000444,2025-10-01 00:00:00,371.42,EUR,371.42,captured,2025-10-03
payment_00000400,invoice_00000408,payattempt_00000445,2025-11-01 00:00:00,371.42,EUR,371.42,captured,2025-11-03
payment_00000401,invoice_00000409,payattempt_00000446,2025-12-01 00:00:00,371.42,EUR,371.42,captured,2025-12-03
payment_00000402,invoice_00000410,payattempt_00000447,2026-01-01 00:00:00,371.42,EUR,371.42,captured,2026-01-03
payment_00000403,invoice_00000411,payattempt_00000448,2026-02-01 00:00:00,371.42,EUR,371.42,captured,2026-02-03
payment_00000404,invoice_00000412,payattempt_00000449,2026-03-01 00:00:00,420.26,EUR,420.26,captured,2026-03-03
payment_00000405,invoice_00000413,payattempt_00000450,2026-04-01 00:00:00,420.26,EUR,420.26,captured,2026-04-03
payment_00000406,invoice_00000414,payattempt_00000451,2026-05-01 00:00:00,420.26,EUR,420.26,captured,2026-05-03
payment_00000407,invoice_00000415,payattempt_00000452,2026-06-01 00:00:00,420.26,EUR,420.26,captured,2026-06-03
payment_00000408,invoice_00000416,payattempt_00000453,2024-07-12 00:00:00,103885.6,EUR,103885.6,captured,2024-07-14
payment_00000409,invoice_00000417,payattempt_00000454,2025-07-01 00:00:00,142102.93,EUR,142102.93,captured,2025-07-03
payment_00000410,invoice_00000418,payattempt_00000455,2024-12-24 00:00:00,619.04,EUR,619.04,captured,2024-12-26
payment_00000411,invoice_00000419,payattempt_00000456,2025-12-01 00:00:00,668.59,EUR,668.59,captured,2025-12-03
payment_00000412,invoice_00000420,payattempt_00000457,2024-05-08 00:00:00,116.2,EUR,116.2,captured,2024-05-10
payment_00000413,invoice_00000421,payattempt_00000458,2024-06-01 00:00:00,116.2,EUR,116.2,captured,2024-06-03
payment_00000414,invoice_00000422,payattempt_00000459,2024-07-01 00:00:00,116.2,EUR,116.2,captured,2024-07-03
payment_00000415,invoice_00000423,payattempt_00000461,2024-08-03 00:00:00,116.2,EUR,116.2,captured,2024-08-05
payment_00000416,invoice_00000424,payattempt_00000462,2024-09-01 00:00:00,116.2,EUR,116.2,captured,2024-09-03
payment_00000417,invoice_00000425,payattempt_00000463,2024-10-01 00:00:00,116.2,EUR,116.2,captured,2024-10-03
payment_00000418,invoice_00000426,payattempt_00000464,2024-11-01 00:00:00,116.2,EUR,116.2,captured,2024-11-03
payment_00000419,invoice_00000427,payattempt_00000465,2024-12-01 00:00:00,116.2,EUR,116.2,captured,2024-12-03
payment_00000420,invoice_00000428,payattempt_00000466,2025-01-01 00:00:00,116.2,EUR,116.2,captured,2025-01-03
payment_00000421,invoice_00000429,payattempt_00000468,2025-02-04 00:00:00,116.2,EUR,116.2,captured,2025-02-06
payment_00000422,invoice_00000430,payattempt_00000469,2025-03-01 00:00:00,116.2,EUR,116.2,captured,2025-03-03
payment_00000423,invoice_00000431,payattempt_00000470,2025-04-01 00:00:00,125.49,EUR,125.49,captured,2025-04-03
payment_00000424,invoice_00000432,payattempt_00000471,2025-05-01 00:00:00,125.49,EUR,125.49,captured,2025-05-03
payment_00000425,invoice_00000433,payattempt_00000472,2025-06-01 00:00:00,125.49,EUR,125.49,captured,2025-06-03
payment_00000426,invoice_00000434,payattempt_00000473,2025-07-01 00:00:00,125.49,EUR,125.49,captured,2025-07-03
payment_00000427,invoice_00000436,payattempt_00000478,2025-09-01 00:00:00,125.49,EUR,125.49,captured,2025-09-03
payment_00000428,invoice_00000437,payattempt_00000479,2025-10-01 00:00:00,125.49,EUR,125.49,captured,2025-10-03
payment_00000429,invoice_00000438,payattempt_00000480,2025-11-01 00:00:00,125.49,EUR,125.49,captured,2025-11-03
payment_00000430,invoice_00000439,payattempt_00000481,2025-12-01 00:00:00,125.49,EUR,125.49,captured,2025-12-03
payment_00000431,invoice_00000441,payattempt_00000486,2026-02-01 00:00:00,125.49,EUR,125.49,captured,2026-02-03
payment_00000432,invoice_00000442,payattempt_00000487,2026-03-01 00:00:00,125.49,EUR,125.49,captured,2026-03-03
payment_00000433,invoice_00000443,payattempt_00000488,2026-04-01 00:00:00,125.49,EUR,125.49,captured,2026-04-03
payment_00000434,invoice_00000444,payattempt_00000489,2026-05-01 00:00:00,125.49,EUR,125.49,captured,2026-05-03
payment_00000435,invoice_00000445,payattempt_00000490,2026-06-01 00:00:00,125.49,EUR,125.49,captured,2026-06-03
payment_00000436,invoice_00000446,payattempt_00000491,2026-04-30 00:00:00,344.76,GBP,402.6,captured,2026-05-02
payment_00000437,invoice_00000447,payattempt_00000494,2026-05-07 00:00:00,425.54,GBP,496.17,captured,2026-05-09
payment_00000438,invoice_00000448,payattempt_00000495,2026-06-01 00:00:00,434.95,GBP,496.17,captured,2026-06-03
payment_00000439,invoice_00000449,payattempt_00000496,2025-04-22 00:00:00,10208.45,CHF,10568.93,captured,2025-04-24
payment_00000440,invoice_00000450,payattempt_00000497,2026-04-01 00:00:00,8625.21,CHF,9055.94,captured,2026-04-03
payment_00000441,invoice_00000451,payattempt_00000498,2025-01-23 00:00:00,46.8,EUR,46.8,captured,2025-01-25
payment_00000442,invoice_00000452,payattempt_00000499,2025-02-01 00:00:00,46.8,EUR,46.8,captured,2025-02-03
payment_00000443,invoice_00000453,payattempt_00000501,2025-03-04 00:00:00,46.8,EUR,46.8,captured,2025-03-06
payment_00000444,invoice_00000454,payattempt_00000502,2025-04-01 00:00:00,50.54,EUR,50.54,captured,2025-04-03
payment_00000445,invoice_00000455,payattempt_00000503,2025-05-01 00:00:00,50.54,EUR,50.54,captured,2025-05-03
payment_00000446,invoice_00000456,payattempt_00000504,2025-06-01 00:00:00,50.54,EUR,50.54,captured,2025-06-03
payment_00000447,invoice_00000457,payattempt_00000505,2025-07-01 00:00:00,66.1,EUR,66.1,captured,2025-07-03
payment_00000448,invoice_00000458,payattempt_00000506,2025-08-01 00:00:00,66.1,EUR,66.1,captured,2025-08-03
payment_00000449,invoice_00000460,payattempt_00000511,2025-10-01 00:00:00,66.1,EUR,66.1,captured,2025-10-03
payment_00000450,invoice_00000461,payattempt_00000512,2025-11-01 00:00:00,66.1,EUR,66.1,captured,2025-11-03
payment_00000451,invoice_00000462,payattempt_00000513,2025-12-01 00:00:00,66.1,EUR,66.1,captured,2025-12-03
payment_00000452,invoice_00000463,payattempt_00000514,2026-01-01 00:00:00,66.1,EUR,66.1,captured,2026-01-03
payment_00000453,invoice_00000464,payattempt_00000515,2026-02-01 00:00:00,66.1,EUR,66.1,captured,2026-02-03
payment_00000454,invoice_00000465,payattempt_00000516,2026-03-01 00:00:00,66.1,EUR,66.1,captured,2026-03-03
payment_00000455,invoice_00000466,payattempt_00000517,2026-04-01 00:00:00,66.1,EUR,66.1,captured,2026-04-03
payment_00000456,invoice_00000467,payattempt_00000518,2026-05-01 00:00:00,66.1,EUR,66.1,captured,2026-05-03
payment_00000457,invoice_00000468,payattempt_00000519,2026-06-01 00:00:00,66.1,EUR,66.1,captured,2026-06-03
payment_00000458,invoice_00000469,payattempt_00000520,2026-06-27 00:00:00,285.16,GBP,325.29,captured,2026-06-29
payment_00000459,invoice_00000470,payattempt_00000521,2024-04-27 00:00:00,1616.3,SEK,147.5,captured,2024-04-29
payment_00000460,invoice_00000471,payattempt_00000522,2024-05-01 00:00:00,1642.86,SEK,147.5,captured,2024-05-03
payment_00000461,invoice_00000472,payattempt_00000523,2024-06-01 00:00:00,1650.66,SEK,147.5,captured,2024-06-03
payment_00000462,invoice_00000473,payattempt_00000524,2024-07-01 00:00:00,1665.39,SEK,147.5,captured,2024-07-03
payment_00000463,invoice_00000474,payattempt_00000525,2024-08-01 00:00:00,1690.2,SEK,147.5,captured,2024-08-03
payment_00000464,invoice_00000475,payattempt_00000526,2024-09-01 00:00:00,1730.1,SEK,147.5,captured,2024-09-03
payment_00000465,invoice_00000476,payattempt_00000527,2024-10-01 00:00:00,1764.29,SEK,147.5,captured,2024-10-03
payment_00000466,invoice_00000477,payattempt_00000528,2024-11-01 00:00:00,1686.18,SEK,147.5,captured,2024-11-03
payment_00000467,invoice_00000478,payattempt_00000529,2024-12-01 00:00:00,1705.36,SEK,147.5,captured,2024-12-03
payment_00000468,invoice_00000479,payattempt_00000530,2025-01-01 00:00:00,1689.36,SEK,147.5,captured,2025-01-03
payment_00000469,invoice_00000480,payattempt_00000531,2025-02-01 00:00:00,1714.14,SEK,147.5,captured,2025-02-03
payment_00000470,invoice_00000481,payattempt_00000532,2025-03-01 00:00:00,1734.51,SEK,147.5,captured,2025-03-03
payment_00000471,invoice_00000482,payattempt_00000534,2025-04-05 00:00:00,1854.44,SEK,159.3,captured,2025-04-07
payment_00000472,invoice_00000483,payattempt_00000535,2025-05-01 00:00:00,1841.54,SEK,159.3,captured,2025-05-03
payment_00000473,invoice_00000484,payattempt_00000536,2025-06-01 00:00:00,1797.2,SEK,159.3,captured,2025-06-03
payment_00000474,invoice_00000485,payattempt_00000537,2025-07-01 00:00:00,1512.57,SEK,133.65,captured,2025-07-03
payment_00000475,invoice_00000486,payattempt_00000538,2025-08-01 00:00:00,1533.29,SEK,133.65,captured,2025-08-03
payment_00000476,invoice_00000487,payattempt_00000539,2025-09-01 00:00:00,1553.72,SEK,133.65,captured,2025-09-03
payment_00000477,invoice_00000488,payattempt_00000540,2025-10-01 00:00:00,1594.09,SEK,133.65,captured,2025-10-03
payment_00000478,invoice_00000489,payattempt_00000541,2025-11-01 00:00:00,1604.6,SEK,133.65,captured,2025-11-03
payment_00000479,invoice_00000490,payattempt_00000542,2025-12-01 00:00:00,1573.35,SEK,133.65,captured,2025-12-03
payment_00000480,invoice_00000491,payattempt_00000543,2026-01-01 00:00:00,1551.02,SEK,133.65,captured,2026-01-03
payment_00000481,invoice_00000492,payattempt_00000544,2026-02-01 00:00:00,1526.73,SEK,133.65,captured,2026-02-03
payment_00000482,invoice_00000493,payattempt_00000545,2026-03-01 00:00:00,1521.22,SEK,133.65,captured,2026-03-03
payment_00000483,invoice_00000494,payattempt_00000546,2026-04-01 00:00:00,1497.73,SEK,133.65,captured,2026-04-03
payment_00000484,invoice_00000495,payattempt_00000547,2026-05-01 00:00:00,1509.1,SEK,133.65,captured,2026-05-03
payment_00000485,invoice_00000496,payattempt_00000548,2026-06-01 00:00:00,1506.8,SEK,133.65,captured,2026-06-03
payment_00000486,invoice_00000497,payattempt_00000549,2025-08-22 00:00:00,32077.7,EUR,32077.7,captured,2025-08-24
payment_00000487,invoice_00000498,payattempt_00000550,2024-03-04 00:00:00,489.29,EUR,489.29,captured,2024-03-06
payment_00000488,invoice_00000499,payattempt_00000551,2025-03-01 00:00:00,489.29,EUR,489.29,captured,2025-03-03
payment_00000489,invoice_00000500,payattempt_00000552,2026-03-01 00:00:00,528.41,EUR,528.41,captured,2026-03-03
payment_00000490,invoice_00000501,payattempt_00000553,2025-07-19 00:00:00,172636.8,NOK,13717.72,captured,2025-07-21
payment_00000491,invoice_00000502,payattempt_00000554,2025-02-02 00:00:00,3384.07,EUR,3384.07,captured,2025-02-04
payment_00000492,invoice_00000503,payattempt_00000555,2026-02-01 00:00:00,3654.82,EUR,3654.82,captured,2026-02-03
payment_00000493,invoice_00000504,payattempt_00000556,2026-06-16 00:00:00,515.52,EUR,515.52,captured,2026-06-18
payment_00000494,invoice_00000505,payattempt_00000557,2025-10-16 00:00:00,193440.81,EUR,193440.81,captured,2025-10-18
payment_00000495,invoice_00000506,payattempt_00000558,2026-05-05 00:00:00,48.62,EUR,48.62,captured,2026-05-07
payment_00000496,invoice_00000507,payattempt_00000559,2026-06-01 00:00:00,48.62,EUR,48.62,captured,2026-06-03
payment_00000497,invoice_00000508,payattempt_00000560,2026-02-04 00:00:00,737.7,EUR,737.7,captured,2026-02-06
payment_00000498,invoice_00000509,payattempt_00000561,2026-03-01 00:00:00,737.7,EUR,737.7,captured,2026-03-03
payment_00000499,invoice_00000510,payattempt_00000562,2026-04-01 00:00:00,737.7,EUR,737.7,captured,2026-04-03
payment_00000500,invoice_00000511,payattempt_00000563,2026-05-01 00:00:00,737.7,EUR,737.7,captured,2026-05-03
payment_00000501,invoice_00000512,payattempt_00000564,2026-06-01 00:00:00,737.7,EUR,737.7,captured,2026-06-03
payment_00000502,invoice_00000513,payattempt_00000565,2025-05-22 00:00:00,26292.05,EUR,26292.05,captured,2025-05-24
payment_00000503,invoice_00000514,payattempt_00000566,2026-05-01 00:00:00,29935.45,EUR,29935.45,captured,2026-05-03
payment_00000504,invoice_00000515,payattempt_00000567,2025-04-07 00:00:00,1164.19,DKK,179.4,captured,2025-04-09
payment_00000505,invoice_00000516,payattempt_00000568,2025-05-01 00:00:00,1147.25,DKK,179.4,captured,2025-05-03
payment_00000506,invoice_00000517,payattempt_00000569,2025-06-01 00:00:00,1129.89,DKK,179.4,captured,2025-06-03
payment_00000507,invoice_00000518,payattempt_00000570,2025-07-01 00:00:00,1078.14,DKK,179.4,captured,2025-07-03
payment_00000508,invoice_00000519,payattempt_00000571,2025-08-01 00:00:00,1080.8,DKK,179.4,captured,2025-08-03
payment_00000509,invoice_00000520,payattempt_00000572,2025-09-01 00:00:00,1080.51,DKK,179.4,captured,2025-09-03
payment_00000510,invoice_00000521,payattempt_00000573,2025-10-01 00:00:00,1071.05,DKK,179.4,captured,2025-10-03
payment_00000511,invoice_00000522,payattempt_00000574,2025-11-01 00:00:00,1071.05,DKK,179.4,captured,2025-11-03
payment_00000512,invoice_00000523,payattempt_00000575,2025-12-01 00:00:00,1078.62,DKK,179.4,captured,2025-12-03
payment_00000513,invoice_00000524,payattempt_00000576,2026-01-01 00:00:00,1071.05,DKK,179.4,captured,2026-01-03
payment_00000514,invoice_00000525,payattempt_00000577,2026-02-01 00:00:00,1084.45,DKK,179.4,captured,2026-02-03
payment_00000515,invoice_00000526,payattempt_00000578,2026-03-01 00:00:00,1071.05,DKK,179.4,captured,2026-03-03
payment_00000516,invoice_00000527,payattempt_00000579,2026-04-01 00:00:00,1071.05,DKK,179.4,captured,2026-04-03
payment_00000517,invoice_00000528,payattempt_00000580,2026-05-01 00:00:00,1071.05,DKK,179.4,captured,2026-05-03
payment_00000518,invoice_00000529,payattempt_00000581,2026-06-01 00:00:00,1104.31,DKK,179.4,captured,2026-06-03
payment_00000519,invoice_00000530,payattempt_00000582,2026-06-29 00:00:00,22222.35,EUR,22222.35,captured,2026-07-01
payment_00000520,invoice_00000531,payattempt_00000583,2025-10-20 00:00:00,4693.44,EUR,4693.44,captured,2025-10-22
payment_00000521,invoice_00000532,payattempt_00000584,2025-02-20 00:00:00,1250.69,EUR,1250.69,captured,2025-02-22
payment_00000522,invoice_00000533,payattempt_00000587,2025-03-09 00:00:00,1250.69,EUR,1250.69,captured,2025-03-11
payment_00000523,invoice_00000534,payattempt_00000588,2025-04-01 00:00:00,1454.85,EUR,1454.85,captured,2025-04-03
payment_00000524,invoice_00000535,payattempt_00000589,2025-05-01 00:00:00,1454.85,EUR,1454.85,captured,2025-05-03
payment_00000525,invoice_00000536,payattempt_00000590,2025-06-01 00:00:00,1454.85,EUR,1454.85,captured,2025-06-03
payment_00000526,invoice_00000537,payattempt_00000591,2025-07-01 00:00:00,1690.47,EUR,1690.47,captured,2025-07-03
payment_00000527,invoice_00000538,payattempt_00000592,2025-08-01 00:00:00,2165.28,EUR,2165.28,captured,2025-08-03
payment_00000528,invoice_00000539,payattempt_00000593,2025-09-01 00:00:00,2165.28,EUR,2165.28,captured,2025-09-03
payment_00000529,invoice_00000540,payattempt_00000594,2025-10-01 00:00:00,2165.28,EUR,2165.28,captured,2025-10-03
payment_00000530,invoice_00000541,payattempt_00000595,2025-11-01 00:00:00,2165.28,EUR,2165.28,captured,2025-11-03
payment_00000531,invoice_00000542,payattempt_00000596,2025-12-01 00:00:00,2165.28,EUR,2165.28,captured,2025-12-03
payment_00000532,invoice_00000543,payattempt_00000597,2026-01-01 00:00:00,2165.28,EUR,2165.28,captured,2026-01-03
payment_00000533,invoice_00000544,payattempt_00000598,2026-02-01 00:00:00,2165.28,EUR,2165.28,captured,2026-02-03
payment_00000534,invoice_00000545,payattempt_00000599,2026-03-01 00:00:00,2165.28,EUR,2165.28,captured,2026-03-03
payment_00000535,invoice_00000546,payattempt_00000600,2026-04-01 00:00:00,2165.28,EUR,2165.28,captured,2026-04-03
payment_00000536,invoice_00000547,payattempt_00000601,2026-05-01 00:00:00,2165.28,EUR,2165.28,captured,2026-05-03
payment_00000537,invoice_00000548,payattempt_00000602,2026-06-01 00:00:00,2165.28,EUR,2165.28,captured,2026-06-03
payment_00000538,invoice_00000549,payattempt_00000604,2025-05-02 00:00:00,127.23,EUR,127.23,captured,2025-05-04
payment_00000539,invoice_00000550,payattempt_00000605,2025-05-01 00:00:00,127.23,EUR,127.23,captured,2025-05-03
payment_00000540,invoice_00000551,payattempt_00000606,2025-06-01 00:00:00,127.23,EUR,127.23,captured,2025-06-03
payment_00000541,invoice_00000552,payattempt_00000607,2025-07-01 00:00:00,127.23,EUR,127.23,captured,2025-07-03
payment_00000542,invoice_00000553,payattempt_00000608,2025-08-01 00:00:00,127.23,EUR,127.23,captured,2025-08-03
payment_00000543,invoice_00000554,payattempt_00000609,2025-09-01 00:00:00,127.23,EUR,127.23,captured,2025-09-03
payment_00000544,invoice_00000555,payattempt_00000610,2025-10-01 00:00:00,127.23,EUR,127.23,captured,2025-10-03
payment_00000545,invoice_00000556,payattempt_00000611,2025-11-01 00:00:00,127.23,EUR,127.23,captured,2025-11-03
payment_00000546,invoice_00000557,payattempt_00000612,2025-12-01 00:00:00,127.23,EUR,127.23,captured,2025-12-03
payment_00000547,invoice_00000558,payattempt_00000613,2026-01-01 00:00:00,127.23,EUR,127.23,captured,2026-01-03
payment_00000548,invoice_00000559,payattempt_00000614,2026-02-01 00:00:00,127.23,EUR,127.23,captured,2026-02-03
payment_00000549,invoice_00000560,payattempt_00000615,2026-03-01 00:00:00,127.23,EUR,127.23,captured,2026-03-03
payment_00000550,invoice_00000561,payattempt_00000616,2026-04-01 00:00:00,127.23,EUR,127.23,captured,2026-04-03
payment_00000551,invoice_00000562,payattempt_00000617,2026-05-01 00:00:00,127.23,EUR,127.23,captured,2026-05-03
payment_00000552,invoice_00000563,payattempt_00000618,2026-06-01 00:00:00,127.23,EUR,127.23,captured,2026-06-03
payment_00000553,invoice_00000564,payattempt_00000619,2024-05-22 00:00:00,655.2,GBP,771.16,captured,2024-05-24
payment_00000554,invoice_00000565,payattempt_00000620,2025-05-01 00:00:00,572.26,GBP,674.26,captured,2025-05-03
payment_00000555,invoice_00000566,payattempt_00000621,2026-05-01 00:00:00,578.16,GBP,674.12,captured,2026-05-03
payment_00000556,invoice_00000567,payattempt_00000622,2026-04-12 00:00:00,2098.13,PLN,528.44,captured,2026-04-14
payment_00000557,invoice_00000568,payattempt_00000623,2024-09-28 00:00:00,14697.97,EUR,14697.97,captured,2024-09-30
payment_00000558,invoice_00000569,payattempt_00000624,2025-09-01 00:00:00,12953.76,EUR,12953.76,captured,2025-09-03
payment_00000559,invoice_00000570,payattempt_00000625,2024-09-08 00:00:00,3053.99,EUR,3053.99,captured,2024-09-10
payment_00000560,invoice_00000571,payattempt_00000626,2025-09-01 00:00:00,3298.36,EUR,3298.36,captured,2025-09-03
payment_00000561,invoice_00000572,payattempt_00000627,2026-05-26 00:00:00,2419.76,EUR,2419.76,captured,2026-05-28
payment_00000562,invoice_00000573,payattempt_00000628,2026-04-22 00:00:00,1504.8,EUR,1504.8,captured,2026-04-24
