account_id,health_month,health_score,health_segment,usage_score,support_score,payment_score,relationship_score,renewal_risk_flag,mrr_eur
account_00000001,2025-01-01,65.74,watch,50.0,92.0,95.0,52.91,False,51.0
account_00000001,2025-02-01,64.93,watch,50.0,92.0,95.0,47.52,False,51.0
account_00000001,2025-03-01,74.22,watch,68.5,92.0,95.0,47.78,False,51.0
account_00000001,2025-04-01,64.23,watch,50.25,86.0,95.0,48.05,False,51.0
account_00000001,2025-05-01,75.06,healthy,68.75,92.0,95.0,52.58,False,51.0
account_00000001,2025-06-01,72.58,watch,65.75,92.0,95.0,46.02,False,230.0
account_00000001,2025-07-01,71.08,watch,65.75,86.0,95.0,42.02,False,230.0
account_00000001,2025-08-01,78.91,healthy,75.25,92.0,95.0,56.59,False,230.0
account_00000001,2025-09-01,64.1,watch,50.5,92.0,95.0,40.37,False,230.0
account_00000001,2025-10-01,74.61,watch,62.75,92.0,95.0,69.58,False,230.0
account_00000001,2025-11-01,68.12,watch,53.25,92.0,89.0,65.95,False,230.0
account_00000001,2025-12-01,62.74,watch,50.25,90.0,95.0,34.13,False,230.0
account_00000001,2026-01-01,62.82,watch,53.0,92.0,95.0,23.49,False,230.0
account_00000001,2026-02-01,76.85,healthy,65.75,92.0,95.0,74.52,False,230.0
account_00000001,2026-03-01,64.57,watch,53.0,92.0,95.0,35.14,False,230.0
account_00000001,2026-04-01,75.09,healthy,65.5,92.0,95.0,63.61,False,230.0
account_00000001,2026-05-01,70.85,watch,65.5,78.0,95.0,49.33,False,230.0
account_00000001,2026-06-01,73.79,watch,62.75,92.0,95.0,64.13,False,230.0
account_00000002,2026-03-01,76.54,healthy,75.0,82.0,95.0,51.61,False,42.12
account_00000002,2026-04-01,66.71,watch,81.0,86.0,33.0,44.73,False,42.12
account_00000002,2026-05-01,75.5,healthy,78.25,92.0,95.0,23.81,False,42.12
account_00000002,2026-06-01,66.68,watch,81.0,92.0,33.0,38.56,False,42.12
account_00000004,2024-05-01,69.15,watch,62.59,86.0,95.0,39.71,False,143.5
account_00000004,2024-06-01,73.95,watch,64.89,92.0,95.0,58.06,False,143.5
account_00000004,2024-07-01,79.09,healthy,75.64,92.0,95.0,56.49,False,187.6
account_00000004,2024-08-01,77.32,healthy,67.64,92.0,95.0,71.32,False,187.6
account_00000004,2024-09-01,79.88,healthy,74.64,92.0,95.0,65.06,False,187.6
account_00000004,2024-10-01,75.88,healthy,73.69,86.0,95.0,47.54,False,187.6
account_00000004,2024-11-01,74.7,watch,69.64,82.0,95.0,57.2,False,187.6
account_00000004,2024-12-01,76.41,healthy,71.69,92.0,95.0,51.76,False,187.6
account_00000004,2025-01-01,76.62,healthy,69.19,92.0,95.0,61.49,False,187.6
account_00000004,2025-02-01,71.76,watch,62.64,90.0,95.0,52.92,False,187.6
account_00000004,2025-03-01,75.03,healthy,68.89,86.0,95.0,57.9,False,187.6
account_00000004,2025-04-01,72.26,watch,65.14,92.0,95.0,45.92,False,187.6
account_00000004,2025-05-01,76.85,healthy,68.89,92.0,95.0,64.04,False,187.6
account_00000004,2025-06-01,68.76,watch,62.64,92.0,95.0,30.95,False,187.6
account_00000004,2025-07-01,77.41,healthy,69.94,92.0,95.0,64.28,False,187.6
account_00000004,2025-08-01,69.88,watch,62.64,92.0,95.0,38.43,False,187.6
account_00000004,2025-09-01,75.66,healthy,65.14,92.0,95.0,68.57,False,187.6
account_00000004,2025-10-01,79.13,healthy,73.19,92.0,95.0,64.85,False,187.6
account_00000004,2025-11-01,79.48,healthy,74.19,92.0,95.0,63.86,False,187.6
account_00000004,2025-12-01,69.74,watch,63.09,92.0,95.0,35.97,False,187.6
account_00000004,2026-01-01,73.38,watch,68.94,92.0,95.0,40.69,False,187.6
account_00000004,2026-02-01,68.81,watch,62.34,66.0,95.0,58.31,False,187.6
account_00000004,2026-03-01,74.89,watch,62.09,92.0,95.0,73.64,False,187.6
account_00000004,2026-04-01,75.09,healthy,66.14,92.0,95.0,61.43,False,187.6
account_00000004,2026-05-01,67.15,watch,75.69,92.0,33.0,59.34,False,187.6
account_00000004,2026-06-01,72.21,watch,67.89,92.0,95.0,36.41,False,187.6
account_00000008,2025-12-01,70.47,watch,61.59,86.0,95.0,51.87,False,40.01
account_00000008,2026-01-01,72.67,watch,58.59,92.0,95.0,70.51,False,40.01
account_00000008,2026-02-01,72.09,watch,59.34,92.0,95.0,64.13,False,40.01
account_00000008,2026-03-01,73.44,watch,61.84,92.0,95.0,64.8,False,40.01
account_00000008,2026-04-01,72.02,watch,61.84,92.0,95.0,55.34,False,40.01
account_00000008,2026-05-01,72.04,watch,61.34,92.0,95.0,57.16,False,40.01
account_00000008,2026-06-01,69.61,watch,55.59,92.0,95.0,60.12,False,40.01
account_00000009,2025-03-01,70.32,watch,60.0,92.0,95.0,50.14,False,243.0
account_00000009,2025-04-01,67.48,watch,47.0,92.0,95.0,74.55,False,243.0
account_00000009,2025-05-01,69.16,watch,54.25,92.0,95.0,61.56,False,243.0
account_00000009,2025-06-01,61.47,at_risk,65.25,92.0,33.0,56.32,True,243.0
account_00000013,2024-07-01,82.57,healthy,79.23,92.0,95.0,67.67,False,853.95
account_00000013,2024-08-01,79.11,healthy,76.23,76.0,95.0,70.63,False,898.0500000000001
account_00000013,2024-09-01,84.72,healthy,79.23,92.0,95.0,82.02,False,898.0500000000001
account_00000013,2024-10-01,80.41,healthy,76.23,92.0,95.0,63.27,False,898.0500000000001
account_00000013,2024-11-01,77.71,healthy,73.23,92.0,95.0,55.26,False,898.0500000000001
account_00000013,2024-12-01,79.04,healthy,79.23,92.0,95.0,44.14,False,898.0500000000001
account_00000013,2025-01-01,80.85,healthy,79.23,92.0,95.0,56.18,False,898.0500000000001
account_00000013,2025-02-01,73.77,watch,67.23,92.0,95.0,49.03,False,1257.15
account_00000013,2025-03-01,77.74,healthy,71.41,86.0,95.0,67.59,False,1390.21
account_00000013,2025-04-01,77.48,healthy,74.41,92.0,95.0,49.86,False,1390.21
account_00000013,2025-05-01,78.14,healthy,71.41,92.0,95.0,64.22,False,1390.21
account_00000013,2025-06-01,73.64,watch,71.41,86.0,95.0,40.23,False,1390.21
account_00000013,2025-07-01,81.24,healthy,71.41,92.0,95.0,84.92,False,1390.21
account_00000013,2025-08-01,76.1,healthy,71.41,92.0,95.0,50.63,False,1390.21
account_00000013,2025-09-01,79.81,healthy,74.41,92.0,95.0,65.37,False,1390.21
account_00000013,2025-10-01,80.48,healthy,74.41,92.0,95.0,69.86,False,1390.21
account_00000013,2025-11-01,78.99,healthy,74.41,92.0,95.0,59.93,False,1390.21
account_00000013,2025-12-01,78.23,healthy,71.41,90.0,95.0,66.88,False,1390.21
account_00000013,2026-01-01,79.7,healthy,71.41,92.0,95.0,74.62,False,1390.21
account_00000013,2026-02-01,75.9,healthy,74.41,92.0,95.0,39.3,False,1390.21
account_00000013,2026-03-01,68.84,watch,65.41,58.0,95.0,56.26,False,1390.21
account_00000013,2026-04-01,79.81,healthy,69.34,90.0,95.0,84.25,False,1674.46
account_00000013,2026-05-01,73.47,watch,66.34,92.0,95.0,49.99,False,1674.46
account_00000013,2026-06-01,72.92,watch,61.73,74.0,95.0,79.73,False,1941.3300000000002
account_00000019,2026-03-01,65.38,watch,46.05,92.0,95.0,63.67,False,11909.81
account_00000019,2026-04-01,61.23,at_risk,43.05,86.0,95.0,52.0,True,11909.81
account_00000019,2026-05-01,60.69,at_risk,43.05,74.0,95.0,60.45,True,11909.81
account_00000019,2026-06-01,63.76,watch,43.05,92.0,95.0,62.89,False,11909.81
account_00000022,2024-06-01,72.04,watch,66.47,92.0,95.0,40.03,False,171.0
account_00000022,2024-07-01,68.85,watch,59.78,92.0,95.0,41.03,False,171.0
account_00000022,2024-08-01,66.74,watch,54.75,92.0,95.0,43.78,False,171.0
account_00000022,2024-09-01,71.19,watch,65.47,92.0,95.0,37.68,False,171.0
account_00000022,2024-10-01,72.77,watch,67.78,92.0,95.0,40.54,False,171.0
account_00000022,2024-11-01,78.24,healthy,74.78,92.0,95.0,53.67,False,171.0
account_00000022,2024-12-01,73.28,watch,68.78,92.0,95.0,40.57,False,270.0
account_00000022,2025-01-01,76.18,healthy,69.78,92.0,95.0,56.58,False,270.0
account_00000022,2025-02-01,71.4,watch,64.47,92.0,95.0,42.44,False,270.0
account_00000022,2025-03-01,67.35,watch,63.72,92.0,95.0,17.94,False,270.0
account_00000022,2025-04-01,69.71,watch,64.22,92.0,95.0,32.0,False,270.0
account_00000022,2025-05-01,74.09,watch,72.03,92.0,95.0,35.12,False,270.0
account_00000022,2025-06-01,75.58,healthy,68.28,92.0,95.0,57.6,False,270.0
account_00000022,2025-07-01,75.02,healthy,72.78,92.0,95.0,38.83,False,270.0
account_00000022,2025-08-01,74.87,watch,68.72,92.0,95.0,51.43,False,270.0
account_00000022,2025-09-01,75.98,healthy,72.28,92.0,95.0,46.91,False,270.0
account_00000022,2025-10-01,70.67,watch,63.72,92.0,95.0,40.06,False,270.0
account_00000022,2025-11-01,74.76,watch,71.53,92.0,95.0,41.25,False,270.0
account_00000022,2025-12-01,72.87,watch,70.78,92.0,95.0,31.16,False,270.0
account_00000022,2026-01-01,69.88,watch,64.22,82.0,95.0,43.14,False,270.0
account_00000022,2026-02-01,66.67,watch,59.97,90.0,95.0,27.9,False,270.0
account_00000022,2026-03-01,70.25,watch,66.31,92.0,89.0,36.66,False,373.68
account_00000022,2026-04-01,69.25,watch,61.05,92.0,95.0,39.49,False,373.68
account_00000022,2026-05-01,72.29,watch,64.56,92.0,95.0,48.09,False,373.68
account_00000022,2026-06-01,68.29,watch,55.8,92.0,95.0,50.6,False,373.68
account_00000023,2024-07-01,67.41,watch,54.82,92.0,95.0,48.02,False,108.97
account_00000023,2024-08-01,71.7,watch,61.47,92.0,95.0,54.47,False,108.97
account_00000023,2024-09-01,75.57,healthy,63.72,92.0,95.0,72.77,False,108.97
account_00000023,2024-10-01,70.59,watch,65.6,92.0,95.0,33.25,False,108.97
account_00000023,2024-11-01,75.0,watch,68.6,92.0,95.0,52.64,False,108.97
account_00000023,2024-12-01,74.03,watch,64.22,90.0,95.0,62.82,False,108.97
account_00000023,2025-01-01,70.24,watch,63.97,92.0,95.0,36.4,False,108.97
account_00000023,2025-02-01,72.72,watch,67.97,92.0,95.0,39.6,False,108.97
account_00000023,2025-03-01,72.23,watch,61.72,66.0,95.0,83.18,False,108.97
account_00000023,2025-04-01,74.82,watch,68.6,92.0,95.0,51.47,False,108.97
account_00000023,2025-05-01,79.34,healthy,67.72,92.0,95.0,84.55,False,108.97
account_00000023,2025-06-01,75.68,healthy,62.59,92.0,95.0,77.26,False,101.37
account_00000023,2025-07-01,76.05,healthy,61.59,92.0,95.0,83.05,False,101.37
account_00000023,2025-08-01,73.69,watch,65.09,92.0,95.0,55.66,False,101.37
account_00000023,2025-09-01,80.56,healthy,69.91,92.0,95.0,85.37,False,101.37
account_00000023,2025-10-01,71.57,watch,68.0,82.0,95.0,41.82,False,85.04
account_00000023,2025-11-01,75.08,healthy,62.5,92.0,95.0,73.51,False,85.04
account_00000023,2025-12-01,73.56,watch,63.75,86.0,95.0,65.25,False,85.04
account_00000023,2026-01-01,71.87,watch,62.75,92.0,95.0,51.32,False,85.04
account_00000023,2026-02-01,78.56,healthy,69.75,92.0,95.0,72.57,False,85.04
account_00000023,2026-03-01,78.49,healthy,76.5,92.0,95.0,49.63,False,85.04
account_00000023,2026-04-01,74.54,watch,65.75,92.0,95.0,59.12,False,85.04
account_00000023,2026-05-01,76.08,healthy,65.5,92.0,95.0,70.2,False,85.04
account_00000023,2026-06-01,75.25,healthy,63.0,92.0,95.0,72.97,False,85.04
account_00000024,2025-07-01,78.34,healthy,73.21,92.0,95.0,59.54,False,906.98
account_00000024,2025-08-01,77.91,healthy,72.53,92.0,95.0,58.96,False,906.98
account_00000024,2025-09-01,82.19,healthy,75.72,92.0,95.0,76.86,False,906.98
account_00000024,2025-10-01,80.81,healthy,77.25,92.0,95.0,62.58,False,840.5
account_00000024,2025-11-01,77.63,healthy,75.5,92.0,95.0,47.19,False,840.5
account_00000024,2025-12-01,81.39,healthy,79.75,92.0,95.0,58.12,False,840.5
account_00000024,2026-01-01,79.9,healthy,79.7,92.0,95.0,48.36,False,906.98
account_00000024,2026-02-01,75.78,healthy,72.02,92.0,95.0,46.45,False,1128.6
account_00000024,2026-03-01,74.4,watch,69.02,92.0,95.0,47.24,False,1128.6
account_00000024,2026-04-01,76.82,healthy,69.02,92.0,95.0,63.37,False,1128.6
account_00000024,2026-05-01,78.17,healthy,72.02,92.0,95.0,62.38,False,1128.6
account_00000024,2026-06-01,76.91,healthy,74.07,92.0,95.0,47.17,False,1128.6
account_00000035,2024-12-01,67.32,watch,56.52,92.0,95.0,41.71,False,251.0
account_00000035,2025-01-01,71.33,watch,59.52,92.0,95.0,58.49,False,251.0
account_00000035,2025-02-01,70.2,watch,63.71,92.0,95.0,36.94,False,251.0
account_00000035,2025-03-01,75.71,healthy,71.46,92.0,95.0,47.9,False,251.0
account_00000035,2025-04-01,66.39,watch,55.92,92.0,95.0,37.52,False,251.0
account_00000035,2025-05-01,72.83,watch,61.37,92.0,95.0,62.33,False,251.0
account_00000035,2025-06-01,75.77,healthy,64.46,92.0,95.0,71.6,False,251.0
account_00000035,2025-07-01,72.49,watch,67.81,92.0,95.0,38.6,False,251.0
account_00000035,2025-08-01,71.78,watch,62.21,92.0,95.0,52.48,False,251.0
account_00000035,2025-09-01,71.52,watch,67.31,86.0,95.0,39.77,False,251.0
account_00000035,2025-10-01,75.85,healthy,71.56,92.0,95.0,48.46,False,251.0
account_00000035,2025-11-01,75.69,healthy,68.96,92.0,95.0,56.05,False,251.0
account_00000035,2025-12-01,73.07,watch,65.71,86.0,95.0,55.46,False,251.0
account_00000035,2026-01-01,75.43,healthy,71.56,92.0,95.0,45.68,False,251.0
account_00000035,2026-02-01,72.5,watch,66.71,92.0,95.0,42.27,False,251.0
account_00000035,2026-03-01,76.63,healthy,69.06,92.0,95.0,61.98,False,251.0
account_00000035,2026-04-01,68.23,watch,58.87,92.0,95.0,39.99,False,251.0
account_00000035,2026-05-01,75.45,healthy,75.66,76.0,95.0,48.17,False,251.0
account_00000035,2026-06-01,72.65,watch,60.62,92.0,95.0,63.63,False,251.0
account_00000039,2026-06-01,64.18,watch,48.37,92.0,95.0,47.99,False,6048.48
account_00000040,2025-11-01,64.87,watch,50.25,90.0,95.0,48.31,False,80.66
account_00000040,2025-12-01,67.46,watch,50.0,92.0,95.0,64.37,False,80.66
account_00000040,2026-01-01,69.21,watch,56.0,92.0,95.0,56.06,False,80.66
account_00000040,2026-02-01,70.68,watch,56.0,92.0,95.0,65.87,False,80.66
account_00000040,2026-03-01,68.69,watch,50.25,92.0,95.0,71.8,False,80.66
account_00000040,2026-04-01,64.69,watch,50.0,92.0,95.0,45.92,False,80.66
account_00000040,2026-05-01,69.76,watch,53.25,92.0,95.0,68.9,False,80.66
account_00000040,2026-06-01,66.44,watch,44.5,92.0,95.0,75.95,False,80.66
account_00000043,2026-03-01,76.01,healthy,67.84,92.0,95.0,61.92,False,243.14
account_00000043,2026-04-01,75.22,healthy,63.34,92.0,95.0,71.71,False,243.14
account_00000043,2026-05-01,77.04,healthy,72.16,92.0,95.0,54.4,False,243.14
account_00000043,2026-06-01,72.91,watch,60.34,92.0,95.0,66.31,False,243.14
account_00000044,2024-04-01,70.46,watch,58.02,92.0,95.0,57.68,False,128.39
account_00000044,2024-05-01,69.17,watch,60.02,92.0,95.0,42.4,False,128.39
account_00000044,2024-06-01,72.15,watch,64.62,92.0,95.0,46.98,False,128.39
account_00000044,2024-07-01,69.91,watch,57.77,92.0,95.0,54.83,False,128.39
account_00000044,2024-08-01,69.16,watch,49.83,92.0,95.0,76.34,False,128.39
account_00000044,2024-09-01,71.95,watch,61.37,92.0,95.0,56.43,False,541.9
account_00000044,2024-10-01,73.28,watch,61.12,92.0,95.0,66.17,False,541.9
account_00000044,2024-11-01,73.96,watch,63.02,92.0,95.0,64.34,False,541.9
account_00000044,2024-12-01,70.31,watch,58.87,90.0,95.0,55.83,False,541.9
account_00000044,2025-01-01,80.21,healthy,74.06,90.0,95.0,71.17,False,541.9
account_00000044,2025-02-01,70.24,watch,55.92,92.0,95.0,63.19,False,541.9
account_00000044,2025-03-01,72.02,watch,64.96,92.0,95.0,44.92,False,541.9
account_00000044,2025-04-01,66.28,watch,57.52,92.0,89.0,39.44,False,541.9
account_00000044,2025-05-01,74.37,watch,65.71,92.0,95.0,58.07,False,541.9
account_00000044,2025-06-01,78.58,healthy,68.71,92.0,95.0,76.14,False,541.9
account_00000044,2025-07-01,71.04,watch,54.52,92.0,95.0,73.23,False,541.9
account_00000044,2025-08-01,75.53,healthy,60.62,86.0,95.0,88.83,False,541.9
account_00000044,2025-09-01,72.35,watch,63.87,90.0,95.0,52.76,False,541.9
account_00000044,2025-10-01,71.14,watch,57.77,92.0,95.0,63.04,False,541.9
account_00000044,2025-11-01,74.24,watch,59.27,92.0,95.0,78.72,False,541.9
account_00000044,2025-12-01,71.12,watch,60.77,92.0,95.0,52.89,False,541.9
account_00000044,2026-01-01,71.82,watch,63.12,86.0,95.0,55.76,False,541.9
account_00000044,2026-02-01,73.55,watch,64.62,92.0,95.0,56.31,False,541.9
account_00000044,2026-03-01,73.79,watch,64.12,92.0,95.0,59.55,False,541.9
account_00000044,2026-04-01,73.85,watch,66.62,92.0,95.0,51.59,False,541.9
account_00000044,2026-05-01,70.96,watch,59.92,92.0,95.0,54.66,False,541.9
account_00000044,2026-06-01,69.47,watch,57.77,90.0,95.0,53.89,False,541.9
account_00000047,2025-05-01,68.82,watch,59.11,92.0,95.0,43.09,False,145.8
account_00000047,2025-06-01,76.46,healthy,65.36,92.0,95.0,73.16,False,145.8
account_00000047,2025-07-01,73.45,watch,58.25,92.0,95.0,76.81,False,132.84
account_00000047,2025-08-01,78.67,healthy,65.0,90.0,95.0,91.15,False,132.84
account_00000047,2025-09-01,70.65,watch,59.36,92.0,95.0,54.44,False,145.8
account_00000047,2025-10-01,71.0,watch,65.36,90.0,95.0,38.76,False,145.8
account_00000047,2025-11-01,73.19,watch,61.32,92.0,95.0,64.85,False,145.8
account_00000047,2025-12-01,70.37,watch,70.66,56.0,95.0,50.94,False,145.8
account_00000047,2026-01-01,74.35,watch,66.66,92.0,95.0,54.79,False,145.8
account_00000047,2026-02-01,73.6,watch,60.82,92.0,95.0,69.27,False,145.8
account_00000047,2026-03-01,80.39,healthy,72.41,92.0,95.0,75.91,False,145.8
account_00000047,2026-04-01,79.36,healthy,74.95,92.0,95.0,60.52,False,145.8
account_00000047,2026-05-01,70.24,watch,57.57,92.0,95.0,57.73,False,145.8
account_00000047,2026-06-01,71.69,watch,67.41,86.0,95.0,40.54,False,145.8
account_00000051,2025-05-01,71.01,watch,61.34,90.0,95.0,52.29,False,87.67
account_00000051,2025-06-01,73.57,watch,64.34,86.0,95.0,63.35,False,87.67
account_00000051,2025-07-01,66.7,watch,58.34,92.0,95.0,31.55,False,87.67
account_00000051,2025-08-01,69.96,watch,58.84,92.0,95.0,51.6,False,87.67
account_00000051,2025-09-01,72.16,watch,61.84,92.0,95.0,56.29,False,87.67
account_00000051,2025-10-01,65.97,watch,58.59,92.0,95.0,25.85,False,87.67
account_00000051,2025-11-01,67.47,watch,58.84,92.0,95.0,35.04,False,87.67
account_00000051,2025-12-01,68.8,watch,61.84,92.0,95.0,33.88,False,87.67
account_00000051,2026-01-01,68.85,watch,61.59,92.0,95.0,35.03,False,87.67
account_00000051,2026-02-01,70.28,watch,61.84,92.0,95.0,43.72,False,87.67
account_00000051,2026-03-01,65.77,watch,55.34,92.0,95.0,35.32,False,87.67
account_00000051,2026-04-01,67.92,watch,58.34,92.0,95.0,39.7,False,87.67
account_00000051,2026-05-01,73.17,watch,58.34,92.0,95.0,74.66,False,87.67
account_00000051,2026-06-01,71.41,watch,64.84,92.0,95.0,41.28,False,87.67
account_00000056,2025-04-01,72.52,watch,63.3,92.0,95.0,53.75,False,1500.73
account_00000056,2025-05-01,72.68,watch,58.23,92.0,95.0,71.79,False,2280.38
account_00000056,2025-06-01,74.12,watch,61.23,86.0,95.0,77.33,False,2280.38
account_00000056,2025-07-01,64.49,watch,48.48,92.0,95.0,49.67,False,2869.78
account_00000056,2025-08-01,72.99,watch,57.48,92.0,95.0,76.34,False,2869.78
account_00000056,2025-09-01,68.02,watch,51.48,92.0,95.0,63.16,False,2869.78
account_00000056,2025-10-01,68.22,watch,51.48,92.0,95.0,64.54,False,2931.88
account_00000056,2025-11-01,70.97,watch,57.48,92.0,95.0,62.82,False,3200.9800000000005
account_00000056,2025-12-01,67.34,watch,51.48,92.0,95.0,58.65,False,3200.9800000000005
account_00000056,2026-01-01,67.19,watch,54.48,92.0,95.0,47.66,False,3200.9800000000005
account_00000056,2026-02-01,68.88,watch,51.48,92.0,95.0,68.89,False,3200.9800000000005
account_00000056,2026-03-01,67.42,watch,54.48,92.0,95.0,49.19,False,3200.9800000000005
account_00000056,2026-04-01,66.87,watch,51.48,92.0,95.0,55.5,False,3200.9800000000005
account_00000056,2026-05-01,67.67,watch,54.48,92.0,95.0,50.82,False,3200.9800000000005
account_00000056,2026-06-01,63.78,watch,51.48,92.0,95.0,34.91,False,3200.9800000000005
account_00000069,2024-04-01,71.44,watch,66.38,92.0,95.0,36.36,False,452.0
account_00000069,2024-05-01,74.11,watch,69.13,90.0,95.0,46.94,False,452.0
account_00000069,2024-06-01,72.14,watch,66.95,92.0,95.0,39.05,False,452.0
account_00000069,2024-07-01,73.84,watch,78.13,92.0,95.0,13.2,False,452.0
account_00000069,2024-08-01,75.82,healthy,69.13,92.0,95.0,56.38,False,452.0
account_00000069,2024-09-01,73.99,watch,72.45,70.0,95.0,55.1,False,496.1
account_00000069,2024-10-01,75.89,healthy,72.13,92.0,95.0,46.84,False,496.1
account_00000069,2024-11-01,77.25,healthy,78.13,67.33,95.0,60.54,False,496.1
account_00000069,2024-12-01,75.79,healthy,69.13,92.0,95.0,56.2,False,496.1
account_00000069,2025-01-01,70.08,watch,69.13,54.0,95.0,56.07,False,496.1
account_00000069,2025-02-01,75.35,healthy,75.13,86.0,95.0,39.2,False,496.1
account_00000069,2025-03-01,75.12,healthy,69.13,92.0,95.0,51.69,False,496.1
account_00000069,2025-04-01,69.96,watch,58.61,92.0,95.0,52.36,False,496.1
account_00000069,2025-05-01,74.68,watch,72.95,66.0,95.0,62.02,False,496.1
account_00000069,2025-06-01,74.2,watch,72.13,92.0,95.0,35.57,False,496.1
account_00000069,2025-07-01,74.12,watch,72.13,90.0,95.0,37.01,False,496.1
account_00000069,2025-08-01,76.64,healthy,75.13,92.0,95.0,41.85,False,496.1
account_00000069,2025-09-01,74.66,watch,73.78,92.0,95.0,33.13,False,496.1
account_00000069,2025-10-01,76.02,healthy,72.13,90.0,95.0,49.73,False,496.1
account_00000069,2025-11-01,74.41,watch,65.38,92.0,95.0,59.46,False,496.1
account_00000069,2025-12-01,80.7,healthy,78.13,92.0,95.0,58.9,False,496.1
account_00000069,2026-01-01,77.78,healthy,69.95,92.0,95.0,66.65,False,496.1
account_00000069,2026-02-01,72.19,watch,70.62,92.0,95.0,27.19,False,602.24
account_00000069,2026-03-01,74.05,watch,70.62,92.0,95.0,39.62,False,602.24
account_00000069,2026-04-01,76.87,healthy,70.62,86.0,95.0,64.44,False,602.24
account_00000069,2026-05-01,66.81,watch,64.37,58.0,95.0,46.17,False,602.24
account_00000069,2026-06-01,76.06,healthy,70.62,92.0,95.0,53.04,False,602.24
account_00000079,2025-10-01,74.27,watch,63.09,92.0,95.0,66.17,False,1400.13
account_00000079,2025-11-01,71.69,watch,63.09,92.0,95.0,49.0,False,1400.13
account_00000079,2025-12-01,70.44,watch,57.09,92.0,95.0,60.67,False,1400.13
account_00000079,2026-01-01,66.24,watch,54.09,92.0,95.0,42.65,False,1887.84
account_00000079,2026-02-01,72.96,watch,60.09,90.0,95.0,69.43,False,1887.84
account_00000079,2026-03-01,70.44,watch,57.09,92.0,95.0,60.65,False,1887.84
account_00000079,2026-04-01,72.13,watch,60.09,90.0,95.0,63.93,False,1887.84
account_00000079,2026-05-01,70.26,watch,63.09,82.0,95.0,49.46,False,2156.94
account_00000079,2026-06-01,70.96,watch,57.09,92.0,95.0,64.13,False,2156.94
account_00000080,2025-09-01,58.76,at_risk,44.11,76.0,95.0,42.07,True,21184.59
account_00000080,2025-10-01,63.52,watch,44.11,92.0,95.0,57.79,False,21659.79
account_00000080,2025-11-01,67.76,watch,44.11,92.0,95.0,86.06,False,21659.79
account_00000080,2025-12-01,62.33,watch,41.11,92.0,95.0,59.82,False,21659.79
account_00000080,2026-01-01,62.83,watch,41.11,92.0,95.0,63.17,False,21721.89
account_00000080,2026-02-01,64.16,watch,41.11,92.0,95.0,72.08,False,21721.89
account_00000080,2026-03-01,56.21,at_risk,32.11,78.0,95.0,63.02,True,21721.89
account_00000080,2026-04-01,64.36,watch,44.11,90.0,95.0,65.36,False,21721.89
account_00000080,2026-05-01,66.23,watch,41.11,92.0,95.0,85.85,False,21721.89
account_00000080,2026-06-01,63.1,watch,41.11,92.0,95.0,64.97,False,21721.89
account_00000083,2024-08-01,66.04,watch,52.42,92.0,95.0,46.87,False,251.0
account_00000083,2024-09-01,69.44,watch,59.77,92.0,95.0,45.04,False,251.0
account_00000083,2024-10-01,66.41,watch,55.92,92.0,95.0,37.63,False,251.0
account_00000083,2024-11-01,64.77,watch,55.67,92.0,89.0,35.57,False,251.0
account_00000083,2024-12-01,72.13,watch,60.02,90.0,95.0,64.13,False,251.0
account_00000083,2025-01-01,65.7,watch,55.92,92.0,95.0,32.94,False,251.0
account_00000083,2025-02-01,71.53,watch,60.02,92.0,95.0,58.11,False,251.0
account_00000083,2025-03-01,66.18,watch,50.42,92.0,95.0,54.42,False,251.0
account_00000083,2025-04-01,72.57,watch,61.46,92.0,95.0,60.29,False,251.0
account_00000083,2025-05-01,70.43,watch,70.71,62.0,95.0,45.19,False,251.0
account_00000083,2025-06-01,68.58,watch,60.02,90.0,95.0,40.48,False,251.0
account_00000083,2025-07-01,67.27,watch,55.67,90.0,95.0,46.22,False,251.0
account_00000083,2025-08-01,69.18,watch,57.02,92.0,95.0,52.44,False,251.0
account_00000083,2025-09-01,74.04,watch,63.02,92.0,95.0,64.83,False,251.0
account_00000083,2025-10-01,66.82,watch,56.52,92.0,95.0,38.37,False,251.0
account_00000083,2025-11-01,69.72,watch,57.52,92.0,95.0,54.42,False,251.0
account_00000083,2025-12-01,67.42,watch,55.42,92.0,95.0,46.02,False,251.0
account_00000083,2026-01-01,68.54,watch,54.92,92.0,95.0,55.16,False,251.0
account_00000083,2026-02-01,68.67,watch,61.37,62.0,95.0,64.55,False,251.0
account_00000083,2026-03-01,72.09,watch,62.77,92.0,95.0,52.69,False,251.0
account_00000083,2026-04-01,68.16,watch,60.27,90.0,95.0,36.86,False,251.0
account_00000083,2026-05-01,67.02,watch,54.02,92.0,95.0,48.09,False,251.0
account_00000083,2026-06-01,56.98,at_risk,57.37,92.0,33.0,52.67,True,251.0
account_00000085,2024-03-01,72.8,watch,58.5,92.0,95.0,71.68,False,53.55
account_00000085,2024-04-01,63.64,watch,48.0,92.0,95.0,45.59,False,53.55
account_00000085,2024-05-01,69.19,watch,54.0,92.0,95.0,62.59,False,63.75
account_00000085,2024-06-01,70.66,watch,59.09,92.0,95.0,55.46,False,63.75
account_00000085,2024-07-01,66.3,watch,53.25,92.0,95.0,45.82,False,63.75
account_00000085,2024-08-01,69.75,watch,63.34,92.0,95.0,35.24,False,63.75
account_00000085,2024-09-01,69.05,watch,62.09,92.0,95.0,34.72,False,63.75
account_00000085,2024-10-01,65.07,watch,47.75,92.0,95.0,55.99,False,63.75
account_00000085,2024-11-01,64.4,watch,50.0,92.0,95.0,44.0,False,63.75
account_00000085,2024-12-01,68.03,watch,58.34,92.0,95.0,40.41,False,63.75
account_00000085,2025-01-01,67.28,watch,55.84,92.0,95.0,43.76,False,63.75
account_00000085,2025-02-01,69.83,watch,61.84,92.0,95.0,40.72,False,63.75
account_00000085,2025-03-01,62.52,watch,51.0,92.0,95.0,28.16,False,63.75
account_00000085,2025-04-01,67.98,watch,59.25,76.0,95.0,53.02,False,63.75
account_00000086,2025-12-01,66.42,watch,51.0,90.0,95.0,56.16,False,42.12
account_00000086,2026-01-01,66.16,watch,56.0,92.0,95.0,35.75,False,42.12
account_00000086,2026-02-01,64.64,watch,50.0,92.0,95.0,45.6,False,42.12
account_00000086,2026-03-01,76.54,healthy,75.25,92.0,89.0,48.74,False,42.12
account_00000086,2026-04-01,64.44,watch,53.75,92.0,95.0,31.75,False,42.12
account_00000086,2026-05-01,75.13,healthy,75.5,92.0,95.0,30.52,False,42.12
account_00000086,2026-06-01,78.65,healthy,79.0,92.0,95.0,42.32,False,42.12
account_00000087,2025-02-01,68.37,watch,56.12,92.0,95.0,50.08,False,244.98
account_00000087,2025-03-01,76.46,healthy,67.0,92.0,95.0,67.74,False,244.98
account_00000087,2025-04-01,72.79,watch,60.88,92.0,95.0,63.7,False,244.98
account_00000087,2025-05-01,68.45,watch,58.12,92.0,95.0,43.93,False,244.98
account_00000087,2025-06-01,72.36,watch,64.5,92.0,95.0,48.76,False,244.98
account_00000087,2025-07-01,69.49,watch,58.0,92.0,95.0,51.27,False,244.98
account_00000087,2025-08-01,73.84,watch,60.5,92.0,95.0,71.96,False,244.98
account_00000087,2025-09-01,73.07,watch,60.62,92.0,95.0,66.39,False,244.98
account_00000087,2025-10-01,71.37,watch,64.5,86.0,95.0,48.14,False,244.98
account_00000087,2025-11-01,75.99,healthy,67.75,92.0,95.0,62.07,False,244.98
account_00000087,2025-12-01,75.22,healthy,67.5,92.0,95.0,57.8,False,244.98
account_00000087,2026-01-01,71.6,watch,62.33,92.0,95.0,50.9,False,313.55
account_00000087,2026-02-01,69.31,watch,59.08,90.0,95.0,48.48,False,313.55
account_00000087,2026-03-01,72.31,watch,61.08,92.0,95.0,59.79,False,313.55
account_00000087,2026-04-01,68.04,watch,55.58,92.0,95.0,49.68,False,313.55
account_00000087,2026-05-01,66.49,watch,58.58,92.0,95.0,29.36,False,313.55
account_00000087,2026-06-01,73.58,watch,64.58,92.0,95.0,56.63,False,313.55
account_00000089,2024-12-01,68.02,watch,59.82,86.0,95.0,41.39,False,112.34
account_00000089,2025-01-01,73.72,watch,64.72,92.0,95.0,57.08,False,112.34
account_00000089,2025-02-01,70.86,watch,55.47,92.0,95.0,68.82,False,112.34
account_00000089,2025-03-01,69.23,watch,60.97,90.0,95.0,41.67,False,112.34
account_00000089,2025-04-01,71.46,watch,66.6,92.0,95.0,35.74,False,112.34
account_00000089,2025-05-01,73.01,watch,61.22,92.0,95.0,64.02,False,112.34
account_00000089,2025-06-01,76.54,healthy,72.1,92.0,95.0,51.23,False,112.34
account_00000089,2025-07-01,76.9,healthy,64.97,92.0,95.0,77.47,False,112.34
account_00000089,2025-08-01,68.99,watch,56.82,92.0,95.0,51.86,False,112.34
account_00000089,2025-09-01,73.18,watch,64.22,92.0,95.0,55.17,False,112.34
account_00000089,2025-10-01,73.92,watch,69.35,92.0,95.0,42.97,False,112.34
account_00000089,2025-11-01,72.44,watch,61.72,92.0,95.0,58.56,False,112.34
account_00000089,2025-12-01,67.09,watch,53.82,92.0,95.0,49.21,False,112.34
account_00000089,2026-01-01,65.31,watch,56.09,92.0,95.0,29.77,False,104.5
account_00000089,2026-02-01,70.23,watch,61.34,92.0,95.0,45.05,False,104.5
account_00000089,2026-03-01,71.82,watch,64.0,92.0,95.0,46.78,False,138.15
account_00000089,2026-04-01,73.74,watch,61.5,92.0,95.0,67.93,False,138.15
account_00000089,2026-05-01,70.13,watch,59.75,92.0,95.0,49.68,False,138.15
account_00000089,2026-06-01,65.09,watch,57.0,92.0,95.0,25.26,False,138.15
account_00000092,2026-02-01,82.28,healthy,78.5,92.0,95.0,68.19,False,35.8
account_00000092,2026-03-01,79.31,healthy,78.0,92.0,95.0,50.06,False,35.8
account_00000092,2026-04-01,76.06,healthy,72.0,92.0,95.0,48.39,False,35.8
account_00000092,2026-05-01,80.72,healthy,78.0,92.0,95.0,59.46,False,35.8
account_00000092,2026-06-01,79.72,healthy,75.5,92.0,95.0,61.16,False,35.8
account_00000093,2024-11-01,73.05,watch,65.5,92.0,89.0,58.02,False,50.87
account_00000093,2024-12-01,68.06,watch,58.0,92.0,95.0,41.72,False,50.87
account_00000093,2025-01-01,68.75,watch,58.0,92.0,95.0,46.3,False,50.87
account_00000093,2025-02-01,73.77,watch,65.5,92.0,95.0,54.78,False,50.87
account_00000093,2025-03-01,70.53,watch,55.0,92.0,95.0,68.18,False,50.87
account_00000093,2025-04-01,72.5,watch,58.25,92.0,95.0,70.47,False,50.87
account_00000093,2025-05-01,73.39,watch,58.5,92.0,95.0,75.59,False,50.87
account_00000093,2025-06-01,75.78,healthy,69.25,92.0,95.0,55.69,False,50.87
account_00000093,2025-07-01,72.64,watch,58.25,86.0,95.0,77.4,False,50.87
account_00000093,2025-08-01,64.42,watch,46.25,92.0,95.0,56.64,False,50.87
account_00000093,2025-09-01,71.36,watch,58.0,90.0,95.0,65.74,False,50.87
account_00000093,2025-10-01,75.46,healthy,65.25,92.0,95.0,66.93,False,50.87
account_00000093,2025-11-01,76.68,healthy,65.0,92.0,95.0,75.88,False,50.87
account_00000093,2025-12-01,67.0,watch,52.0,92.0,95.0,54.64,False,50.87
account_00000093,2026-01-01,70.83,watch,58.25,82.0,95.0,69.4,False,50.87
account_00000093,2026-02-01,76.48,healthy,68.5,90.0,95.0,64.85,False,50.87
account_00000093,2026-03-01,69.81,watch,56.25,86.0,95.0,65.25,False,65.41
account_00000093,2026-04-01,74.1,watch,64.84,92.0,95.0,59.23,False,65.41
account_00000093,2026-05-01,71.68,watch,58.59,92.0,95.0,63.89,False,65.41
account_00000093,2026-06-01,68.25,watch,53.25,92.0,95.0,58.81,False,65.41
account_00000094,2026-02-01,71.91,watch,58.41,92.0,95.0,66.04,False,312.12
account_00000094,2026-03-01,66.23,watch,52.34,92.0,95.0,48.43,False,312.12
account_00000094,2026-04-01,67.31,watch,56.84,92.0,95.0,40.64,False,611.12
account_00000094,2026-05-01,66.86,watch,58.25,92.0,95.0,32.93,False,1079.12
account_00000094,2026-06-01,68.99,watch,56.16,92.0,95.0,54.03,False,1079.12
account_00000095,2025-05-01,67.87,watch,50.98,92.0,95.0,63.89,False,4500.58
account_00000095,2025-06-01,61.64,at_risk,41.98,92.0,95.0,52.38,True,4500.58
account_00000095,2025-07-01,66.9,watch,50.98,92.0,95.0,57.39,False,4500.58
account_00000095,2025-08-01,65.52,watch,47.98,86.0,95.0,64.25,False,4500.58
account_00000095,2025-09-01,67.22,watch,50.98,92.0,95.0,59.57,False,5277.74
account_00000095,2025-10-01,64.24,watch,47.98,92.0,95.0,49.68,False,5277.74
account_00000095,2025-11-01,66.23,watch,50.98,76.0,95.0,68.97,False,5277.74
account_00000095,2025-12-01,68.71,watch,50.98,92.0,95.0,69.5,False,5277.74
account_00000095,2026-01-01,65.78,watch,44.98,92.0,95.0,69.93,False,5277.74
account_00000095,2026-02-01,64.82,watch,50.98,92.0,95.0,43.56,False,5277.74
account_00000095,2026-03-01,68.02,watch,50.98,90.0,95.0,66.88,False,5277.74
account_00000095,2026-04-01,65.93,watch,43.89,90.0,95.0,76.58,False,6031.24
account_00000095,2026-05-01,62.61,watch,43.89,92.0,95.0,52.48,False,6031.24
account_00000100,2026-05-01,68.55,watch,58.5,86.0,95.0,49.33,False,106.92
account_00000100,2026-06-01,68.61,watch,52.75,92.0,95.0,62.9,False,106.92
account_00000101,2026-05-01,69.51,watch,65.5,92.0,95.0,26.39,False,87.67
account_00000101,2026-06-01,70.78,watch,64.5,86.0,95.0,44.17,False,87.67
account_00000104,2024-08-01,65.23,watch,47.0,92.0,95.0,59.55,False,43.35
account_00000104,2024-09-01,63.59,watch,47.0,92.0,95.0,48.57,False,43.35
account_00000104,2024-10-01,74.11,watch,63.25,92.0,95.0,64.56,False,159.45
account_00000104,2024-11-01,69.68,watch,53.25,92.0,95.0,68.39,False,159.45
account_00000104,2024-12-01,70.07,watch,53.25,92.0,95.0,70.94,False,159.45
account_00000104,2025-01-01,74.45,watch,66.0,92.0,95.0,57.65,False,159.45
account_00000104,2025-02-01,68.44,watch,53.5,92.0,95.0,59.3,False,159.45
account_00000104,2025-03-01,68.43,watch,56.75,92.0,95.0,48.39,False,159.45
account_00000104,2025-04-01,65.23,watch,50.0,92.0,95.0,49.52,False,159.45
account_00000104,2025-05-01,68.41,watch,54.0,86.0,95.0,63.4,False,159.45
account_00000104,2025-06-01,73.89,watch,62.5,92.0,95.0,65.58,False,159.45
account_00000104,2025-07-01,67.82,watch,50.5,92.0,95.0,65.14,False,159.45
account_00000104,2025-08-01,67.36,watch,51.0,92.0,95.0,60.4,False,159.45
account_00000104,2025-09-01,70.54,watch,53.5,92.0,95.0,73.25,False,159.45
account_00000104,2025-10-01,67.76,watch,56.25,92.0,95.0,45.59,False,159.45
account_00000104,2025-11-01,68.48,watch,53.25,92.0,95.0,60.36,False,159.45
account_00000104,2025-12-01,71.23,watch,53.0,90.0,95.0,81.52,False,159.45
account_00000104,2026-01-01,68.22,watch,53.5,92.0,95.0,57.77,False,159.45
account_00000104,2026-02-01,69.88,watch,62.75,92.0,95.0,38.01,False,159.45
account_00000104,2026-03-01,66.82,watch,47.5,92.0,95.0,68.47,False,159.45
account_00000104,2026-04-01,69.15,watch,51.0,92.0,95.0,72.31,False,159.45
account_00000104,2026-05-01,68.51,watch,50.75,92.0,95.0,68.88,False,159.45
account_00000104,2026-06-01,72.02,watch,63.75,92.0,95.0,48.98,False,159.45
account_00000105,2026-05-01,71.41,watch,61.21,92.0,95.0,53.35,False,212.06
account_00000105,2026-06-01,72.15,watch,64.71,92.0,95.0,46.66,False,212.06
account_00000106,2024-05-01,69.5,watch,57.32,92.0,95.0,53.6,False,160.69
account_00000106,2024-06-01,71.12,watch,69.11,66.0,95.0,51.07,False,160.69
account_00000106,2024-07-01,73.4,watch,63.86,92.0,95.0,57.77,False,160.69
account_00000106,2024-08-01,72.97,watch,61.32,92.0,95.0,63.38,False,160.69
account_00000106,2024-09-01,83.45,healthy,78.45,92.0,95.0,76.14,False,160.69
account_00000106,2024-10-01,74.22,watch,67.41,90.0,95.0,53.41,False,160.69
account_00000106,2024-11-01,73.98,watch,65.36,92.0,95.0,56.65,False,160.69
account_00000106,2024-12-01,68.48,watch,63.11,92.0,95.0,27.51,False,160.69
account_00000106,2025-01-01,73.91,watch,59.61,92.0,95.0,75.33,False,160.69
account_00000106,2025-02-01,72.77,watch,61.61,92.0,95.0,61.07,False,160.69
account_00000106,2025-03-01,74.98,watch,70.45,92.0,95.0,46.36,False,160.69
account_00000106,2025-04-01,73.06,watch,62.07,92.0,95.0,61.5,False,160.69
account_00000106,2025-05-01,80.96,healthy,68.41,92.0,95.0,93.02,False,160.69
account_00000106,2025-06-01,70.17,watch,59.11,92.0,95.0,52.09,False,160.69
account_00000106,2025-07-01,73.34,watch,63.87,92.0,95.0,57.41,False,204.5
account_00000106,2025-08-01,70.87,watch,61.87,92.0,95.0,47.58,False,204.5
account_00000106,2025-09-01,77.43,healthy,66.46,90.0,95.0,77.99,False,204.5
account_00000106,2025-10-01,75.09,healthy,65.21,92.0,95.0,64.58,False,204.5
account_00000106,2025-11-01,74.23,watch,69.46,92.0,95.0,44.66,False,204.5
account_00000106,2025-12-01,74.65,watch,65.71,92.0,95.0,59.98,False,204.5
account_00000106,2026-01-01,75.82,healthy,62.86,92.0,95.0,77.22,False,173.54
account_00000106,2026-02-01,79.45,healthy,73.66,92.0,95.0,65.45,False,173.54
account_00000106,2026-03-01,76.78,healthy,76.2,92.0,95.0,39.19,False,173.54
account_00000106,2026-04-01,78.76,healthy,76.2,92.0,95.0,52.4,False,173.54
account_00000106,2026-05-01,75.52,healthy,67.41,92.0,95.0,60.11,False,173.54
account_00000106,2026-06-01,69.98,watch,59.61,92.0,95.0,49.18,False,173.54
account_00000108,2025-05-01,60.77,at_risk,40.8,92.0,95.0,50.47,True,26961.64
account_00000108,2025-06-01,62.58,watch,40.8,92.0,95.0,62.54,False,26961.64
account_00000108,2025-07-01,59.83,at_risk,40.8,82.0,95.0,54.19,True,26961.64
account_00000108,2025-08-01,58.01,at_risk,40.8,86.0,95.0,38.09,True,27005.739999999998
account_00000108,2025-09-01,59.19,at_risk,31.8,92.0,95.0,69.9,True,27005.739999999998
account_00000108,2025-10-01,61.87,at_risk,40.8,92.0,95.0,57.78,True,27005.739999999998
account_00000108,2025-11-01,60.14,at_risk,40.8,92.0,95.0,46.25,True,27005.739999999998
account_00000108,2025-12-01,58.77,at_risk,37.8,92.0,95.0,47.14,True,27274.84
account_00000108,2026-01-01,65.73,watch,43.8,92.0,95.0,73.51,False,27274.84
account_00000108,2026-02-01,60.4,at_risk,40.8,78.0,95.0,61.99,True,27274.84
account_00000108,2026-03-01,63.0,watch,43.8,92.0,95.0,55.34,False,27274.84
account_00000108,2026-04-01,62.43,watch,40.8,92.0,95.0,61.53,False,27274.84
account_00000108,2026-05-01,57.43,at_risk,37.8,74.0,95.0,56.18,True,27274.84
account_00000108,2026-06-01,62.77,watch,43.8,92.0,95.0,53.8,False,27274.84
account_00000110,2024-07-01,83.76,healthy,78.95,92.0,95.0,76.56,False,872.9
account_00000110,2024-08-01,76.73,healthy,67.25,92.0,95.0,68.72,False,1071.62
account_00000110,2024-09-01,80.23,healthy,73.25,86.0,95.0,78.06,False,1071.62
account_00000110,2024-10-01,75.85,healthy,70.25,92.0,95.0,52.82,False,1071.62
account_00000110,2024-11-01,77.57,healthy,73.25,92.0,95.0,54.32,False,1071.62
account_00000110,2024-12-01,80.81,healthy,73.25,92.0,95.0,75.87,False,1071.62
account_00000110,2025-01-01,74.8,watch,70.25,90.0,95.0,47.85,False,1071.62
account_00000110,2025-02-01,75.49,healthy,70.25,90.0,95.0,52.4,False,1071.62
account_00000110,2025-03-01,79.38,healthy,73.25,92.0,95.0,66.4,False,1071.62
account_00000110,2025-04-01,76.07,healthy,73.25,92.0,95.0,44.3,False,1071.62
account_00000110,2025-05-01,76.27,healthy,67.25,92.0,95.0,65.64,False,1071.62
account_00000110,2025-06-01,76.35,healthy,73.25,86.0,95.0,52.13,False,1071.62
account_00000110,2025-07-01,76.83,healthy,73.25,92.0,95.0,49.36,False,1071.62
account_00000110,2025-08-01,73.03,watch,70.25,90.0,95.0,36.05,False,1071.62
account_00000110,2025-09-01,76.1,healthy,67.25,90.0,95.0,66.49,False,1071.62
account_00000110,2025-10-01,74.57,watch,70.25,92.0,95.0,44.32,False,1071.62
account_00000110,2025-11-01,80.03,healthy,73.25,92.0,95.0,70.72,False,1071.62
account_00000110,2025-12-01,73.07,watch,67.25,92.0,95.0,44.3,False,1071.62
account_00000110,2026-01-01,73.09,watch,64.25,92.0,95.0,54.45,False,1071.62
account_00000110,2026-02-01,79.04,healthy,73.25,92.0,95.0,64.12,False,1071.62
account_00000110,2026-03-01,71.81,watch,67.25,86.0,95.0,41.92,False,1071.62
account_00000110,2026-04-01,73.17,watch,61.25,90.0,95.0,66.99,False,1071.62
account_00000110,2026-05-01,79.53,healthy,73.25,92.0,95.0,67.39,False,1071.62
account_00000110,2026-06-01,75.57,healthy,67.25,92.0,95.0,60.98,False,1071.62
account_00000111,2025-01-01,67.7,watch,50.75,92.0,95.0,63.5,False,156.0
account_00000111,2025-02-01,70.36,watch,56.25,92.0,95.0,62.9,False,156.0
account_00000111,2025-03-01,69.12,watch,56.25,86.0,95.0,60.62,False,405.0
account_00000111,2025-04-01,68.04,watch,56.5,92.0,95.0,46.63,False,454.0
account_00000111,2025-05-01,65.95,watch,53.25,92.0,95.0,43.48,False,454.0
account_00000111,2025-06-01,72.02,watch,54.25,86.0,95.0,86.65,False,454.0
account_00000111,2025-07-01,74.9,watch,69.25,92.0,95.0,49.81,False,454.0
account_00000111,2025-08-01,69.4,watch,56.25,86.0,95.0,62.52,False,454.0
account_00000111,2025-09-01,73.04,watch,64.84,92.0,95.0,52.15,False,487.0
account_00000111,2025-10-01,71.54,watch,59.34,92.0,95.0,60.47,False,487.0
account_00000111,2025-11-01,61.85,at_risk,44.72,92.0,89.0,52.59,True,487.0
account_00000111,2025-12-01,69.15,watch,53.47,92.0,95.0,64.11,False,487.0
account_00000111,2026-01-01,65.58,watch,53.53,92.0,95.0,40.09,False,487.0
account_00000111,2026-02-01,70.82,watch,55.59,92.0,95.0,68.18,False,487.0
account_00000111,2026-03-01,72.55,watch,65.64,92.0,95.0,46.22,False,487.0
account_00000111,2026-04-01,70.06,watch,56.03,86.0,95.0,67.64,False,487.0
account_00000111,2026-05-01,66.38,watch,56.78,92.0,95.0,34.62,False,487.0
account_00000111,2026-06-01,69.45,watch,56.28,92.0,95.0,56.7,False,487.0
account_00000113,2024-08-01,77.55,healthy,68.78,92.0,95.0,69.06,False,1213.0
account_00000113,2024-09-01,69.72,watch,61.91,92.0,95.0,39.75,False,1213.0
account_00000113,2024-10-01,79.74,healthy,79.23,92.0,95.0,48.83,False,1213.0
account_00000113,2024-11-01,75.33,healthy,71.66,92.0,95.0,44.68,False,1537.0
account_00000113,2024-12-01,74.02,watch,68.66,92.0,95.0,45.91,False,1537.0
account_00000113,2025-01-01,76.25,healthy,68.66,92.0,95.0,60.82,False,1537.0
account_00000113,2025-02-01,71.89,watch,61.73,92.0,95.0,54.81,False,2029.0
account_00000113,2025-03-01,71.94,watch,61.73,92.0,95.0,55.15,False,2029.0
account_00000113,2025-04-01,72.82,watch,67.73,92.0,95.0,41.02,False,2029.0
account_00000113,2025-05-01,73.22,watch,64.73,92.0,95.0,53.67,False,2029.0
account_00000113,2025-06-01,73.03,watch,67.73,92.0,95.0,42.44,False,2029.0
account_00000113,2025-07-01,70.97,watch,61.73,86.0,95.0,54.65,False,2029.0
account_00000113,2025-08-01,73.62,watch,67.73,92.0,95.0,46.37,False,2029.0
account_00000113,2025-09-01,71.21,watch,61.73,86.0,95.0,56.27,False,2029.0
account_00000113,2025-10-01,75.4,healthy,67.73,92.0,95.0,58.21,False,2029.0
account_00000113,2025-11-01,74.11,watch,64.73,92.0,95.0,59.65,False,2029.0
account_00000113,2025-12-01,78.58,healthy,67.73,92.0,95.0,79.39,False,2029.0
account_00000113,2026-01-01,73.62,watch,64.73,92.0,95.0,56.33,False,2029.0
account_00000113,2026-02-01,72.62,watch,64.73,92.0,95.0,49.68,False,2029.0
account_00000113,2026-03-01,72.03,watch,67.73,92.0,95.0,35.78,False,2029.0
account_00000113,2026-04-01,68.54,watch,62.34,86.0,95.0,36.45,False,2375.52
account_00000113,2026-05-01,71.88,watch,65.34,92.0,95.0,42.76,False,2375.52
account_00000113,2026-06-01,71.01,watch,59.34,92.0,95.0,56.96,False,2787.0
account_00000116,2025-08-01,63.69,watch,48.57,92.0,95.0,44.01,False,93.96
account_00000116,2025-09-01,74.33,watch,60.97,92.0,95.0,73.63,False,93.96
account_00000116,2025-10-01,74.59,watch,61.72,92.0,95.0,72.89,False,93.96
account_00000116,2025-11-01,77.22,healthy,71.35,92.0,95.0,58.26,False,93.96
account_00000116,2025-12-01,73.56,watch,68.85,92.0,95.0,42.22,False,93.96
account_00000116,2026-01-01,75.67,healthy,66.72,92.0,95.0,63.4,False,182.95999999999998
account_00000116,2026-02-01,76.33,healthy,68.85,92.0,95.0,60.65,False,481.96
account_00000116,2026-03-01,71.88,watch,61.47,90.0,95.0,57.64,False,610.96
account_00000116,2026-04-01,73.48,watch,62.72,92.0,95.0,62.13,False,610.96
account_00000116,2026-05-01,71.43,watch,54.82,92.0,95.0,74.78,False,610.96
account_00000116,2026-06-01,67.33,watch,72.1,92.0,33.0,72.53,False,610.96
account_00000122,2025-10-01,77.74,healthy,72.0,92.0,95.0,59.6,False,40.01
account_00000122,2025-11-01,83.89,healthy,75.75,92.0,95.0,88.12,False,40.01
account_00000122,2025-12-01,79.18,healthy,75.0,92.0,95.0,59.23,False,40.01
account_00000122,2026-01-01,76.68,healthy,75.5,92.0,95.0,40.86,False,40.01
account_00000122,2026-02-01,77.43,healthy,75.5,92.0,95.0,45.87,False,40.01
account_00000122,2026-03-01,82.83,healthy,78.25,92.0,95.0,72.73,False,40.01
account_00000122,2026-04-01,82.15,healthy,75.25,92.0,95.0,78.18,False,40.01
account_00000122,2026-05-01,80.65,healthy,81.0,92.0,95.0,49.02,False,358.01
account_00000122,2026-06-01,84.25,healthy,81.0,92.0,95.0,72.99,False,358.01
account_00000123,2024-10-01,77.67,healthy,69.25,92.0,95.0,68.28,False,46.92
account_00000123,2024-11-01,71.99,watch,59.75,92.0,95.0,62.13,False,46.92
account_00000123,2024-12-01,73.22,watch,65.75,92.0,95.0,50.29,False,46.92
account_00000123,2025-01-01,77.44,healthy,69.0,92.0,95.0,67.58,False,46.92
account_00000123,2025-02-01,72.75,watch,65.5,92.0,95.0,48.0,False,46.92
account_00000123,2025-03-01,67.53,watch,53.5,92.0,95.0,53.19,False,46.92
account_00000123,2025-04-01,68.06,watch,53.0,90.0,95.0,60.39,False,46.92
account_00000123,2025-05-01,67.6,watch,52.0,90.0,95.0,60.65,False,62.6
account_00000123,2025-06-01,68.87,watch,58.5,92.0,95.0,45.48,False,62.6
account_00000123,2025-07-01,71.59,watch,62.25,92.0,95.0,51.1,False,62.6
account_00000123,2025-08-01,72.94,watch,65.0,92.0,95.0,50.93,False,62.6
account_00000123,2025-09-01,72.5,watch,58.25,86.0,95.0,76.47,False,62.6
account_00000123,2025-10-01,81.08,healthy,74.25,92.0,95.0,74.35,False,62.6
account_00000123,2025-11-01,76.83,healthy,68.25,92.0,95.0,66.01,False,62.6
account_00000123,2025-12-01,74.95,watch,65.0,92.0,95.0,64.34,False,62.6
account_00000123,2026-01-01,69.83,watch,55.5,92.0,95.0,61.9,False,62.6
account_00000123,2026-02-01,70.8,watch,55.0,92.0,95.0,69.99,False,62.6
account_00000123,2026-03-01,68.51,watch,55.0,92.0,95.0,54.76,False,62.6
account_00000123,2026-04-01,72.09,watch,58.25,92.0,95.0,67.77,False,62.6
account_00000123,2026-05-01,69.98,watch,62.0,92.0,89.0,49.18,False,62.6
account_00000123,2026-06-01,70.65,watch,58.5,92.0,95.0,57.35,False,62.6
account_00000124,2024-08-01,78.79,healthy,78.0,92.0,95.0,46.6,False,99.0
account_00000124,2024-09-01,76.85,healthy,75.75,92.0,95.0,41.14,False,99.0
account_00000124,2024-10-01,77.04,healthy,75.0,86.0,95.0,50.91,False,99.0
account_00000124,2024-11-01,78.46,healthy,78.25,92.0,95.0,43.58,False,99.0
account_00000124,2024-12-01,79.29,healthy,78.0,92.0,95.0,49.91,False,99.0
account_00000124,2025-01-01,78.54,healthy,75.25,92.0,95.0,54.1,False,99.0
account_00000124,2025-02-01,77.64,healthy,78.0,92.0,95.0,38.94,False,99.0
account_00000124,2025-03-01,75.43,healthy,75.0,92.0,95.0,34.2,False,99.0
account_00000124,2025-04-01,78.47,healthy,75.25,92.0,95.0,53.6,False,99.0
account_00000124,2025-05-01,77.86,healthy,72.0,92.0,95.0,60.42,False,99.0
account_00000124,2025-06-01,66.05,watch,56.0,92.0,95.0,35.01,False,106.92
account_00000124,2025-07-01,66.55,watch,53.25,92.0,95.0,47.49,False,106.92
account_00000124,2025-08-01,62.87,watch,48.16,92.0,95.0,39.89,False,106.92
account_00000124,2025-09-01,63.09,watch,41.66,92.0,95.0,63.04,False,106.92
account_00000124,2025-10-01,61.08,at_risk,44.66,92.0,95.0,39.64,True,106.92
account_00000124,2025-11-01,49.36,at_risk,41.66,92.0,33.0,54.15,True,106.92
account_00000124,2025-12-01,62.85,watch,44.66,92.0,95.0,51.46,False,106.92
account_00000124,2026-01-01,58.94,at_risk,41.66,92.0,95.0,35.37,True,106.92
account_00000124,2026-02-01,61.57,at_risk,44.91,92.0,95.0,42.06,True,106.92
account_00000124,2026-03-01,53.31,at_risk,41.66,66.0,95.0,23.82,True,106.92
account_00000124,2026-04-01,61.69,at_risk,41.66,92.0,95.0,53.73,True,106.92
account_00000124,2026-05-01,62.37,watch,44.66,92.0,95.0,48.25,False,106.92
account_00000124,2026-06-01,58.72,at_risk,38.66,92.0,95.0,43.93,True,106.92
account_00000126,2026-03-01,67.61,watch,53.0,86.0,89.0,69.38,False,35.8
account_00000126,2026-04-01,65.1,watch,50.0,92.0,95.0,48.64,False,35.8
account_00000126,2026-05-01,67.26,watch,50.25,92.0,95.0,62.25,False,35.8
account_00000126,2026-06-01,65.49,watch,47.25,90.0,95.0,62.41,False,35.8
account_00000127,2025-02-01,73.31,watch,67.25,92.0,95.0,45.87,False,127.92
account_00000127,2025-03-01,66.78,watch,51.0,92.0,95.0,56.55,False,127.92
account_00000127,2025-04-01,71.72,watch,64.75,92.0,95.0,43.63,False,127.92
account_00000127,2025-05-01,73.3,watch,65.5,92.0,95.0,51.65,False,127.92
account_00000127,2025-06-01,70.54,watch,61.0,90.0,95.0,50.3,False,127.92
account_00000127,2025-07-01,71.25,watch,65.75,92.0,95.0,37.19,False,127.92
account_00000127,2025-08-01,74.39,watch,66.75,92.0,95.0,54.8,False,127.92
account_00000127,2025-09-01,73.51,watch,66.75,92.0,95.0,48.87,False,127.92
account_00000127,2025-10-01,71.54,watch,60.25,92.0,95.0,57.46,False,127.92
account_00000127,2025-11-01,74.7,watch,65.25,92.0,95.0,61.81,False,127.92
account_00000127,2025-12-01,77.63,healthy,68.25,92.0,95.0,71.38,False,127.92
account_00000127,2026-01-01,68.33,watch,60.5,92.0,95.0,35.21,False,127.92
account_00000127,2026-02-01,71.06,watch,66.25,92.0,95.0,34.23,False,127.92
account_00000127,2026-03-01,73.4,watch,69.0,92.0,95.0,40.68,False,127.92
account_00000127,2026-04-01,73.01,watch,67.0,92.0,95.0,44.73,False,127.92
account_00000127,2026-05-01,75.31,healthy,67.0,92.0,95.0,60.04,False,127.92
account_00000127,2026-06-01,77.53,healthy,67.0,92.0,95.0,74.84,False,127.92
account_00000128,2024-08-01,75.36,healthy,67.0,92.0,95.0,60.42,False,1334.0
account_00000128,2024-09-01,72.81,watch,64.0,86.0,95.0,59.42,False,1334.0
account_00000128,2024-10-01,73.69,watch,67.0,92.0,95.0,49.28,False,1334.0
account_00000128,2024-11-01,70.61,watch,61.0,92.0,95.0,48.75,False,1334.0
account_00000128,2024-12-01,72.34,watch,64.0,92.0,95.0,50.3,False,1883.0
account_00000128,2025-01-01,75.0,watch,64.0,92.0,95.0,68.0,False,1883.0
account_00000128,2025-02-01,74.3,watch,64.0,92.0,95.0,63.35,False,1883.0
account_00000128,2025-03-01,74.42,watch,64.0,92.0,95.0,64.13,False,1883.0
account_00000128,2025-04-01,74.36,watch,64.0,92.0,95.0,63.75,False,1883.0
account_00000128,2025-05-01,77.52,healthy,67.0,92.0,95.0,74.81,False,1883.0
account_00000128,2025-06-01,74.53,watch,67.0,74.0,95.0,72.85,False,1883.0
account_00000128,2025-07-01,70.88,watch,58.0,92.0,95.0,60.54,False,1883.0
account_00000128,2025-08-01,75.32,healthy,64.0,92.0,95.0,70.14,False,2403.4
account_00000128,2025-09-01,71.06,watch,64.22,92.0,95.0,40.98,False,2109.64
account_00000128,2025-10-01,71.54,watch,59.34,92.0,95.0,60.49,False,2587.0
account_00000128,2025-11-01,71.46,watch,61.69,92.0,95.0,52.09,False,2072.92
account_00000128,2025-12-01,79.94,healthy,70.69,92.0,95.0,78.64,False,2072.92
account_00000128,2026-01-01,71.87,watch,64.69,82.0,95.0,54.81,False,2072.92
account_00000128,2026-02-01,72.52,watch,61.69,92.0,95.0,59.15,False,2072.92
account_00000128,2026-03-01,75.63,healthy,61.69,86.0,95.0,85.92,False,2072.92
account_00000128,2026-04-01,74.37,watch,67.69,92.0,89.0,59.49,False,2072.92
account_00000128,2026-05-01,73.73,watch,61.69,92.0,95.0,67.23,False,2072.92
account_00000128,2026-06-01,75.92,healthy,70.69,92.0,95.0,51.85,False,2072.92
account_00000129,2025-06-01,70.33,watch,58.84,92.0,95.0,54.11,False,42.12
account_00000129,2025-07-01,66.66,watch,53.0,92.0,95.0,49.04,False,55.08
account_00000129,2025-08-01,65.99,watch,47.0,92.0,95.0,64.62,False,55.08
account_00000129,2025-09-01,67.82,watch,50.25,92.0,95.0,65.98,False,55.08
account_00000129,2025-10-01,74.4,watch,69.0,92.0,95.0,47.33,False,55.08
account_00000129,2025-11-01,67.74,watch,56.5,92.0,95.0,44.58,False,55.08
account_00000129,2025-12-01,67.21,watch,50.25,92.0,95.0,61.9,False,55.08
account_00000129,2026-01-01,76.55,healthy,65.75,92.0,95.0,72.52,False,55.08
account_00000129,2026-02-01,70.04,watch,68.5,90.0,95.0,21.92,False,55.08
account_00000129,2026-03-01,67.15,watch,53.75,90.0,95.0,51.82,False,55.08
account_00000129,2026-04-01,68.76,watch,58.0,90.0,95.0,48.41,False,68.04
account_00000129,2026-05-01,70.12,watch,55.25,92.0,95.0,64.64,False,68.04
account_00000129,2026-06-01,64.81,watch,55.0,92.0,95.0,30.07,False,68.04
account_00000130,2025-10-01,67.31,watch,53.5,92.0,95.0,51.71,False,35.8
account_00000130,2025-11-01,65.78,watch,47.25,92.0,95.0,62.39,False,35.8
account_00000130,2025-12-01,64.37,watch,50.25,92.0,95.0,42.96,False,35.8
account_00000130,2026-01-01,64.01,watch,50.0,92.0,95.0,41.38,False,35.8
account_00000131,2025-05-01,60.55,at_risk,40.59,90.0,95.0,51.72,True,39113.19
account_00000131,2025-06-01,63.26,watch,43.59,86.0,95.0,63.78,False,39113.19
account_00000131,2025-07-01,60.77,at_risk,37.69,92.0,95.0,60.87,True,36798.0
account_00000131,2025-08-01,61.6,at_risk,34.69,92.0,95.0,76.36,True,36798.0
account_00000131,2025-09-01,61.73,at_risk,38.05,92.0,95.0,66.04,True,30208.59
account_00000131,2025-10-01,63.39,watch,44.05,86.0,95.0,63.1,False,30208.59
account_00000131,2025-11-01,62.54,watch,41.05,92.0,95.0,61.42,False,30457.59
account_00000131,2025-12-01,63.36,watch,44.05,92.0,95.0,56.9,False,30457.59
account_00000131,2026-01-01,60.37,at_risk,41.05,62.0,95.0,76.98,True,30457.59
account_00000131,2026-02-01,64.45,watch,40.78,92.0,95.0,75.05,False,34945.51
account_00000131,2026-03-01,63.65,watch,40.78,92.0,95.0,69.75,False,34945.51
account_00000131,2026-04-01,60.65,at_risk,40.78,78.0,95.0,63.69,True,34945.51
account_00000131,2026-05-01,61.29,at_risk,40.78,92.0,95.0,53.99,True,34945.51
account_00000131,2026-06-01,59.64,at_risk,37.78,90.0,95.0,55.0,True,34945.51
account_00000134,2024-06-01,68.51,watch,49.8,92.0,95.0,72.04,False,3350.77
account_00000134,2024-07-01,66.54,watch,49.8,92.0,95.0,58.97,False,3412.87
account_00000134,2024-08-01,67.25,watch,52.8,82.0,95.0,63.68,False,3412.87
account_00000134,2024-09-01,65.88,watch,49.8,86.0,95.0,60.53,False,3412.87
account_00000134,2024-10-01,70.32,watch,52.8,92.0,95.0,74.1,False,3412.87
account_00000134,2024-11-01,65.07,watch,49.8,86.0,95.0,55.1,False,3412.87
account_00000134,2024-12-01,64.76,watch,49.8,90.0,95.0,49.09,False,3412.87
account_00000134,2025-01-01,67.98,watch,52.8,92.0,95.0,58.57,False,3528.97
account_00000134,2025-02-01,66.68,watch,52.8,92.0,95.0,49.89,False,3528.97
account_00000134,2025-03-01,62.75,watch,43.8,92.0,95.0,53.65,False,3528.97
account_00000134,2025-04-01,70.72,watch,52.8,92.0,95.0,76.78,False,4535.01
account_00000134,2025-05-01,65.87,watch,43.8,90.0,95.0,76.49,False,4535.01
account_00000134,2025-06-01,60.6,at_risk,46.8,92.0,95.0,29.31,True,4535.01
account_00000134,2025-07-01,66.67,watch,52.8,92.0,95.0,49.78,False,4535.01
account_00000134,2025-08-01,65.5,watch,49.8,92.0,95.0,51.97,False,4535.01
account_00000134,2025-09-01,65.6,watch,49.8,92.0,95.0,52.65,False,4535.01
account_00000134,2025-10-01,67.85,watch,49.8,92.0,95.0,67.64,False,4535.01
account_00000134,2025-11-01,68.66,watch,52.8,92.0,95.0,63.08,False,4535.01
account_00000134,2025-12-01,61.17,at_risk,46.8,86.0,95.0,39.12,True,4535.01
account_00000134,2026-01-01,64.63,watch,43.8,92.0,95.0,66.19,False,4535.01
account_00000134,2026-02-01,66.3,watch,49.06,90.0,95.0,61.83,False,3753.6
account_00000134,2026-03-01,70.68,watch,52.06,92.0,95.0,78.97,False,3753.6
account_00000134,2026-04-01,67.17,watch,52.06,90.0,95.0,57.63,False,3753.6
account_00000134,2026-05-01,68.72,watch,55.06,92.0,95.0,55.93,False,3753.6
account_00000134,2026-06-01,68.37,watch,52.06,92.0,95.0,63.63,False,3753.6
account_00000135,2025-08-01,80.84,healthy,75.75,92.0,95.0,67.75,False,38.75
account_00000135,2025-09-01,77.86,healthy,72.25,92.0,95.0,59.55,False,38.75
account_00000135,2025-10-01,85.12,healthy,78.0,92.0,95.0,88.82,False,38.75
account_00000135,2025-11-01,79.15,healthy,72.0,92.0,95.0,69.0,False,38.75
account_00000135,2025-12-01,80.19,healthy,78.0,92.0,95.0,55.95,False,38.75
account_00000135,2026-01-01,76.58,healthy,75.5,92.0,95.0,40.22,False,38.75
account_00000135,2026-02-01,81.35,healthy,75.0,92.0,95.0,73.65,False,38.75
account_00000135,2026-03-01,79.29,healthy,75.0,92.0,95.0,59.91,False,38.75
account_00000135,2026-04-01,76.03,healthy,69.25,92.0,95.0,57.35,False,38.75
account_00000135,2026-05-01,78.67,healthy,78.25,92.0,95.0,44.97,False,38.75
account_00000135,2026-06-01,78.01,healthy,75.0,92.0,95.0,51.39,False,38.75
account_00000136,2024-09-01,79.51,healthy,69.17,92.0,95.0,80.84,False,1464.7
account_00000136,2024-10-01,75.13,healthy,69.17,92.0,95.0,51.66,False,1464.7
account_00000136,2024-11-01,73.5,watch,68.92,92.0,95.0,41.63,False,1464.7
account_00000136,2024-12-01,74.18,watch,67.45,90.0,95.0,53.05,False,1464.7
account_00000136,2025-01-01,78.0,healthy,72.17,92.0,95.0,60.77,False,1464.7
account_00000136,2025-02-01,75.19,healthy,69.17,92.0,95.0,52.01,False,1464.7
account_00000136,2025-03-01,77.14,healthy,72.17,92.0,95.0,55.01,False,1464.7
account_00000136,2025-04-01,75.96,healthy,69.17,92.0,95.0,57.19,False,1464.7
account_00000136,2025-05-01,76.2,healthy,69.17,92.0,95.0,58.74,False,1464.7
account_00000136,2025-06-01,77.89,healthy,69.17,92.0,95.0,70.01,False,1464.7
account_00000136,2025-07-01,76.47,healthy,69.17,92.0,95.0,60.56,False,1464.7
account_00000136,2025-08-01,73.58,watch,70.31,62.0,95.0,67.48,False,1383.88
account_00000136,2025-09-01,75.47,healthy,73.31,92.0,95.0,40.11,False,1383.88
account_00000136,2025-10-01,72.2,watch,68.17,76.0,95.0,51.45,False,1638.45
account_00000136,2025-11-01,75.92,healthy,71.17,86.0,95.0,56.26,False,1638.45
account_00000136,2025-12-01,77.47,healthy,71.17,92.0,95.0,60.55,False,1638.45
account_00000136,2026-01-01,68.3,watch,65.17,62.0,95.0,49.46,False,1638.45
account_00000136,2026-02-01,69.91,watch,64.36,92.0,95.0,32.84,False,1893.01
account_00000136,2026-03-01,59.5,at_risk,59.11,92.0,33.0,63.62,True,2402.15
account_00000136,2026-04-01,68.2,watch,59.11,92.0,89.0,46.96,False,2402.15
account_00000136,2026-05-01,71.21,watch,55.61,92.0,95.0,70.69,False,2402.15
account_00000136,2026-06-01,69.11,watch,55.05,92.0,95.0,58.54,False,3672.89
account_00000137,2025-11-01,65.46,watch,52.0,92.0,95.0,44.4,False,168.48
account_00000137,2025-12-01,78.99,healthy,73.75,92.0,95.0,62.13,False,168.48
account_00000137,2026-01-01,73.06,watch,65.25,92.0,95.0,50.88,False,467.48
account_00000137,2026-02-01,74.62,watch,68.25,92.0,95.0,51.29,False,467.48
account_00000137,2026-03-01,71.67,watch,69.75,92.0,95.0,26.67,False,467.48
account_00000137,2026-04-01,73.16,watch,66.5,92.0,95.0,47.43,False,596.48
account_00000137,2026-05-01,74.18,watch,73.75,92.0,95.0,30.04,False,596.48
account_00000137,2026-06-01,75.37,healthy,71.0,92.0,95.0,47.16,False,596.48
account_00000138,2024-11-01,68.76,watch,69.75,82.0,95.0,17.24,False,183.0
account_00000138,2024-12-01,66.16,watch,56.25,92.0,95.0,34.89,False,183.0
account_00000138,2025-01-01,72.83,watch,64.0,92.0,95.0,53.52,False,183.0
account_00000138,2025-02-01,72.54,watch,63.59,86.0,95.0,58.97,False,183.0
account_00000138,2025-03-01,72.7,watch,66.5,92.0,95.0,44.35,False,289.0
account_00000138,2025-04-01,69.22,watch,61.41,92.0,95.0,38.1,False,289.0
account_00000138,2025-05-01,71.78,watch,66.75,92.0,95.0,37.34,False,289.0
account_00000138,2025-06-01,74.12,watch,69.5,86.0,95.0,49.78,False,289.0
account_00000138,2025-07-01,78.07,healthy,73.34,92.0,95.0,57.34,False,289.0
account_00000138,2025-08-01,75.96,healthy,69.75,92.0,95.0,55.26,False,289.0
account_00000138,2025-09-01,77.14,healthy,69.0,92.0,95.0,65.59,False,289.0
account_00000138,2025-10-01,70.82,watch,63.41,92.0,95.0,42.11,False,289.0
account_00000138,2025-11-01,71.31,watch,60.59,92.0,89.0,62.79,False,289.0
account_00000138,2025-12-01,66.73,watch,56.09,92.0,95.0,39.24,False,289.0
account_00000138,2026-01-01,68.84,watch,60.16,90.0,95.0,41.7,False,289.0
account_00000138,2026-02-01,74.9,watch,72.75,92.0,95.0,38.19,False,289.0
account_00000138,2026-03-01,71.48,watch,67.16,92.0,95.0,33.99,False,289.0
account_00000138,2026-04-01,71.16,watch,68.25,92.0,89.0,36.22,False,289.0
account_00000138,2026-05-01,70.29,watch,58.59,92.0,95.0,54.64,False,289.0
account_00000138,2026-06-01,65.19,watch,55.75,86.0,95.0,36.09,False,289.0
account_00000141,2025-04-01,74.21,watch,59.0,92.0,95.0,79.37,False,197.64
account_00000141,2025-05-01,66.41,watch,52.66,92.0,89.0,56.52,False,197.64
account_00000141,2025-06-01,69.47,watch,55.66,92.0,95.0,58.92,False,197.64
account_00000141,2025-07-01,71.81,watch,62.0,92.0,95.0,53.37,False,197.64
account_00000141,2025-08-01,67.25,watch,53.25,92.0,89.0,60.16,False,197.64
account_00000141,2025-09-01,65.24,watch,52.41,92.0,95.0,41.57,False,312.12
account_00000141,2025-10-01,74.11,watch,56.16,92.0,95.0,88.2,False,312.12
account_00000141,2025-11-01,67.25,watch,52.16,92.0,95.0,55.75,False,312.12
account_00000141,2025-12-01,69.51,watch,55.25,92.0,95.0,60.57,False,312.12
account_00000141,2026-01-01,67.66,watch,56.16,92.0,95.0,45.22,False,312.12
account_00000141,2026-02-01,67.23,watch,56.25,92.0,95.0,42.0,False,312.12
account_00000141,2026-03-01,69.81,watch,58.41,92.0,95.0,52.03,False,353.16
account_00000141,2026-04-01,71.59,watch,58.61,92.0,95.0,63.22,False,353.16
account_00000141,2026-05-01,68.22,watch,54.53,92.0,95.0,54.34,False,353.16
account_00000141,2026-06-01,71.78,watch,59.86,92.0,95.0,60.35,False,353.16
account_00000152,2024-07-01,62.77,watch,44.18,92.0,95.0,52.52,False,7038.32
account_00000152,2024-08-01,66.66,watch,44.18,92.0,95.0,78.48,False,7397.42
account_00000152,2024-09-01,65.84,watch,44.18,92.0,95.0,73.03,False,7397.42
account_00000152,2024-10-01,62.03,watch,38.18,92.0,95.0,67.58,False,7397.42
account_00000152,2024-11-01,62.61,watch,44.18,76.0,95.0,67.49,False,7397.42
account_00000152,2024-12-01,63.61,watch,41.18,92.0,95.0,68.1,False,8941.02
account_00000152,2025-01-01,62.34,watch,44.18,90.0,95.0,51.67,False,8941.02
account_00000152,2025-02-01,59.31,at_risk,38.18,92.0,95.0,49.48,True,8941.02
account_00000152,2025-03-01,61.54,at_risk,41.18,86.0,95.0,60.32,True,8941.02
account_00000152,2025-04-01,60.78,at_risk,41.18,92.0,95.0,49.25,True,8941.02
account_00000152,2025-05-01,62.3,watch,38.18,90.0,95.0,71.41,False,8941.02
account_00000152,2025-06-01,62.57,watch,44.18,92.0,95.0,51.23,False,8941.02
account_00000152,2025-07-01,60.79,at_risk,44.18,86.0,95.0,45.35,True,8941.02
account_00000152,2025-08-01,62.13,watch,44.18,92.0,95.0,48.26,False,8941.02
account_00000152,2025-09-01,59.44,at_risk,40.2,86.0,95.0,49.63,True,11832.24
account_00000152,2025-10-01,62.56,watch,43.2,80.0,95.0,66.4,False,11832.24
account_00000152,2025-11-01,58.77,at_risk,37.2,92.0,95.0,49.15,True,11832.24
account_00000152,2025-12-01,63.75,watch,43.2,92.0,95.0,62.38,False,11832.24
account_00000152,2026-01-01,61.54,at_risk,43.2,92.0,95.0,47.6,True,11832.24
account_00000152,2026-02-01,58.64,at_risk,46.2,58.0,95.0,52.27,True,11832.24
account_00000152,2026-03-01,65.11,watch,43.2,92.0,95.0,71.43,False,11832.24
account_00000152,2026-04-01,61.48,at_risk,43.2,92.0,95.0,47.22,True,11832.24
account_00000152,2026-05-01,60.14,at_risk,43.2,62.0,95.0,68.26,True,11832.24
account_00000152,2026-06-01,64.73,watch,43.2,92.0,95.0,68.86,False,11832.24
account_00000155,2024-12-01,72.68,watch,63.0,92.0,95.0,55.89,False,43.35
account_00000155,2025-01-01,65.14,watch,53.0,92.0,95.0,38.92,False,43.35
account_00000155,2025-02-01,75.08,healthy,65.75,92.0,95.0,62.73,False,43.35
account_00000155,2025-03-01,71.16,watch,53.5,92.0,95.0,77.41,False,43.35
account_00000155,2025-04-01,75.7,healthy,69.0,90.0,95.0,57.99,False,43.35
account_00000155,2025-05-01,64.92,watch,47.25,92.0,95.0,56.61,False,43.35
account_00000155,2025-06-01,67.15,watch,59.75,92.0,95.0,29.82,False,43.35
account_00000155,2025-07-01,66.57,watch,53.0,90.0,95.0,50.48,False,43.35
account_00000155,2025-08-01,74.17,watch,63.0,92.0,95.0,65.79,False,43.35
account_00000155,2025-09-01,72.88,watch,69.0,92.0,95.0,37.21,False,43.35
account_00000155,2025-10-01,65.17,watch,53.5,92.0,95.0,37.44,False,43.35
account_00000155,2025-11-01,70.2,watch,62.5,90.0,95.0,42.97,False,43.35
account_00000155,2025-12-01,72.19,watch,62.5,92.0,95.0,54.25,False,43.35
account_00000155,2026-01-01,79.49,healthy,75.0,92.0,95.0,61.28,False,43.35
account_00000155,2026-02-01,66.6,watch,50.0,86.0,95.0,64.65,False,43.35
account_00000155,2026-03-01,64.3,watch,53.0,92.0,95.0,33.32,False,43.35
account_00000155,2026-04-01,73.53,watch,65.75,92.0,95.0,52.39,False,43.35
account_00000155,2026-05-01,68.93,watch,53.5,92.0,95.0,62.51,False,43.35
account_00000155,2026-06-01,71.82,watch,62.75,92.0,95.0,50.97,False,43.35
account_00000157,2024-05-01,61.83,at_risk,41.66,92.0,95.0,54.63,True,96.03
account_00000157,2024-06-01,62.5,watch,44.66,92.0,95.0,49.08,False,96.03
account_00000157,2024-07-01,71.6,watch,61.34,92.0,95.0,54.2,False,96.03
account_00000157,2024-08-01,71.22,watch,58.34,92.0,89.0,69.72,False,96.03
account_00000157,2024-09-01,72.52,watch,58.59,92.0,95.0,69.49,False,96.03
account_00000157,2024-10-01,65.42,watch,44.66,92.0,95.0,68.56,False,96.03
account_00000157,2024-11-01,70.4,watch,61.59,92.0,95.0,45.4,False,96.03
account_00000157,2024-12-01,71.58,watch,61.59,92.0,95.0,53.24,False,96.03
account_00000157,2025-01-01,72.79,watch,61.34,92.0,95.0,62.14,False,96.03
account_00000157,2025-02-01,69.48,watch,62.34,92.0,89.0,44.76,False,96.03
account_00000157,2025-03-01,62.12,watch,41.66,92.0,95.0,56.61,False,96.03
account_00000157,2025-04-01,65.37,watch,44.66,92.0,95.0,68.25,False,96.03
account_00000157,2025-05-01,74.58,watch,64.59,92.0,95.0,63.22,False,96.03
account_00000157,2025-06-01,69.17,watch,58.34,92.0,95.0,48.02,False,96.03
account_00000157,2025-07-01,74.58,watch,62.09,92.0,95.0,71.6,False,96.03
account_00000157,2025-08-01,56.22,at_risk,55.34,92.0,33.0,54.36,True,96.03
account_00000157,2025-09-01,73.74,watch,61.34,92.0,95.0,68.48,False,96.03
account_00000157,2025-10-01,73.96,watch,61.34,92.0,95.0,69.97,False,96.03
account_00000157,2025-11-01,77.18,healthy,64.59,92.0,95.0,80.56,False,96.03
account_00000157,2025-12-01,63.1,watch,38.91,92.0,95.0,72.27,False,96.03
account_00000157,2026-01-01,52.62,at_risk,44.91,92.0,33.0,65.11,True,96.03
account_00000157,2026-02-01,72.15,watch,58.59,92.0,95.0,67.07,False,96.03
account_00000157,2026-03-01,71.3,watch,58.34,92.0,95.0,62.2,False,96.03
account_00000157,2026-04-01,67.89,watch,67.34,62.0,95.0,39.49,False,96.03
account_00000157,2026-05-01,63.12,watch,44.66,92.0,95.0,53.27,False,96.03
account_00000157,2026-06-01,70.9,watch,58.34,92.0,95.0,59.52,False,96.03
account_00000159,2026-04-01,70.93,watch,55.72,92.0,95.0,68.46,False,335.5
account_00000159,2026-05-01,62.65,watch,47.91,92.0,89.0,47.28,False,413.48
account_00000159,2026-06-01,68.62,watch,54.2,92.0,95.0,58.16,False,413.48
account_00000161,2025-04-01,85.02,healthy,84.94,86.0,95.0,71.0,False,814.75
account_00000161,2025-05-01,82.12,healthy,84.94,92.0,95.0,45.67,False,814.75
account_00000161,2025-06-01,84.63,healthy,86.3,92.0,95.0,57.86,False,814.75
account_00000161,2025-07-01,87.81,healthy,89.3,92.0,95.0,69.06,False,814.75
account_00000161,2025-08-01,80.05,healthy,71.13,92.0,95.0,77.91,False,814.75
account_00000161,2025-09-01,82.25,healthy,78.19,92.0,95.0,69.05,False,814.75
account_00000161,2025-10-01,80.81,healthy,73.84,92.0,95.0,73.92,False,814.75
account_00000161,2025-11-01,85.22,healthy,89.3,92.0,95.0,51.83,False,814.75
account_00000161,2025-12-01,80.98,healthy,82.25,92.0,95.0,47.03,False,814.75
account_00000161,2026-01-01,82.17,healthy,86.3,66.0,95.0,67.48,False,814.75
account_00000161,2026-02-01,82.99,healthy,85.25,92.0,95.0,50.45,False,814.75
account_00000161,2026-03-01,77.58,healthy,72.19,90.0,95.0,59.91,False,814.75
account_00000161,2026-04-01,80.85,healthy,76.5,92.0,95.0,65.34,False,698.11
account_00000161,2026-05-01,84.65,healthy,92.0,92.0,95.0,38.98,False,698.11
account_00000161,2026-06-01,86.38,healthy,87.44,92.0,95.0,65.72,False,698.11
account_00000166,2025-01-01,71.06,watch,61.34,92.0,95.0,50.64,False,39.0
account_00000166,2025-02-01,67.75,watch,44.66,92.0,95.0,84.12,False,39.0
account_00000166,2025-03-01,67.23,watch,58.84,92.0,89.0,41.39,False,39.0
account_00000166,2025-04-01,67.81,watch,58.84,92.0,95.0,37.31,False,39.0
account_00000166,2025-05-01,68.9,watch,58.34,82.0,95.0,56.21,False,39.0
account_00000166,2025-06-01,72.84,watch,61.34,92.0,95.0,62.5,False,39.0
account_00000166,2025-07-01,72.09,watch,63.0,92.0,95.0,51.94,False,55.08
account_00000166,2025-08-01,64.92,watch,50.0,92.0,95.0,47.46,False,55.08
account_00000166,2025-09-01,59.06,at_risk,65.75,92.0,33.0,38.6,True,55.08
account_00000166,2025-10-01,74.03,watch,66.0,92.0,95.0,54.85,False,55.08
account_00000166,2025-11-01,72.47,watch,62.75,92.0,95.0,55.31,False,55.08
account_00000166,2025-12-01,67.95,watch,63.0,92.0,95.0,24.3,False,55.08
account_00000166,2026-01-01,72.14,watch,63.5,92.0,95.0,50.62,False,55.08
account_00000166,2026-02-01,65.11,watch,53.0,92.0,95.0,38.74,False,55.08
account_00000166,2026-03-01,61.49,at_risk,47.25,92.0,95.0,33.75,True,55.08
account_00000166,2026-04-01,68.89,watch,66.25,92.0,95.0,19.78,False,55.08
account_00000166,2026-05-01,71.61,watch,66.0,92.0,95.0,38.74,False,55.08
account_00000166,2026-06-01,71.96,watch,62.75,92.0,95.0,51.91,False,55.08
account_00000169,2026-06-01,72.35,watch,67.21,82.0,95.0,49.63,False,271.08
account_00000173,2024-04-01,71.9,watch,62.84,92.0,95.0,51.24,False,118.0
account_00000173,2024-05-01,68.63,watch,61.59,92.0,95.0,33.6,False,118.0
account_00000173,2024-06-01,68.05,watch,58.84,92.0,95.0,38.85,False,118.0
account_00000173,2024-07-01,74.93,watch,65.91,92.0,95.0,61.16,False,118.0
account_00000173,2024-08-01,68.11,watch,55.84,92.0,95.0,49.25,False,118.0
account_00000173,2024-09-01,75.04,healthy,65.91,92.0,95.0,61.86,False,118.0
account_00000173,2024-10-01,71.88,watch,67.66,92.0,95.0,35.01,False,118.0
account_00000173,2024-11-01,75.79,healthy,71.66,86.0,95.0,53.7,False,118.0
account_00000173,2024-12-01,73.87,watch,70.41,92.0,95.0,39.09,False,118.0
account_00000173,2025-01-01,75.85,healthy,67.66,92.0,95.0,61.45,False,118.0
account_00000173,2025-02-01,76.34,healthy,70.66,92.0,95.0,54.75,False,118.0
account_00000173,2025-03-01,74.27,watch,70.66,92.0,95.0,40.93,False,118.0
account_00000173,2025-04-01,77.31,healthy,73.75,86.0,89.0,64.9,False,118.0
account_00000173,2025-05-01,76.0,healthy,70.66,92.0,95.0,52.46,False,118.0
account_00000173,2025-06-01,68.64,watch,57.34,92.0,95.0,47.8,False,118.0
account_00000173,2025-07-01,73.63,watch,69.5,86.0,95.0,46.57,False,106.92
account_00000173,2025-08-01,66.98,watch,55.5,92.0,95.0,42.85,False,106.92
account_00000173,2025-09-01,66.81,watch,66.25,82.0,95.0,15.91,False,106.92
account_00000173,2025-10-01,76.96,healthy,72.75,92.0,95.0,51.89,False,106.92
account_00000173,2025-11-01,72.1,watch,63.25,92.0,95.0,51.14,False,106.92
account_00000173,2025-12-01,73.11,watch,63.5,92.0,95.0,57.09,False,106.92
account_00000173,2026-01-01,68.62,watch,60.25,92.0,95.0,38.0,False,106.92
account_00000173,2026-02-01,72.41,watch,66.5,90.0,95.0,44.43,False,106.92
account_00000173,2026-03-01,70.52,watch,63.5,92.0,95.0,39.79,False,106.92
account_00000173,2026-04-01,76.66,healthy,79.0,86.0,95.0,35.06,False,106.92
account_00000173,2026-05-01,67.27,watch,55.75,92.0,95.0,43.97,False,106.92
account_00000173,2026-06-01,75.15,healthy,68.75,92.0,95.0,53.15,False,106.92
account_00000177,2025-08-01,66.89,watch,48.23,92.0,95.0,66.5,False,2191.1
account_00000177,2025-09-01,66.09,watch,53.59,92.0,95.0,43.33,False,2750.98
account_00000177,2025-10-01,67.42,watch,50.59,92.0,95.0,62.17,False,3184.7
account_00000177,2025-11-01,63.58,watch,50.59,92.0,95.0,36.56,False,3264.7999999999997
account_00000177,2025-12-01,67.49,watch,56.59,92.0,95.0,42.68,False,3264.7999999999997
account_00000177,2026-01-01,62.44,watch,47.59,92.0,95.0,38.98,False,3425.8999999999996
account_00000177,2026-02-01,64.95,watch,47.59,90.0,95.0,57.74,False,3425.8999999999996
account_00000177,2026-03-01,67.09,watch,56.59,82.0,95.0,49.98,False,3785.0
account_00000177,2026-04-01,66.85,watch,50.59,90.0,95.0,60.37,False,3785.0
account_00000177,2026-05-01,68.73,watch,53.59,92.0,95.0,60.93,False,3785.0
account_00000177,2026-06-01,70.52,watch,56.59,92.0,95.0,62.86,False,3785.0
account_00000183,2024-03-01,78.53,healthy,78.25,92.0,95.0,44.03,False,33.15
account_00000183,2024-04-01,81.16,healthy,78.0,92.0,95.0,62.38,False,33.15
account_00000183,2024-05-01,76.91,healthy,75.5,92.0,95.0,42.37,False,33.15
account_00000183,2024-06-01,78.92,healthy,78.0,92.0,95.0,47.5,False,33.15
account_00000183,2024-07-01,77.07,healthy,75.0,92.0,95.0,45.14,False,33.15
account_00000183,2024-08-01,78.28,healthy,75.0,92.0,95.0,53.17,False,33.15
account_00000183,2024-09-01,78.73,healthy,75.25,92.0,95.0,55.36,False,33.15
account_00000183,2024-10-01,77.61,healthy,78.0,92.0,95.0,38.74,False,33.15
account_00000183,2024-11-01,81.72,healthy,78.0,92.0,95.0,66.16,False,33.15
account_00000183,2024-12-01,77.81,healthy,78.0,92.0,95.0,40.07,False,33.15
account_00000183,2025-01-01,78.92,healthy,75.25,92.0,95.0,56.65,False,33.15
account_00000183,2025-02-01,77.97,healthy,75.75,92.0,95.0,48.65,False,33.15
account_00000183,2025-03-01,82.28,healthy,78.0,86.0,95.0,75.88,False,33.15
account_00000183,2025-04-01,77.7,healthy,75.0,92.0,95.0,49.32,False,33.15
account_00000183,2025-05-01,76.02,healthy,72.5,92.0,95.0,46.45,False,33.15
account_00000183,2025-06-01,64.82,watch,50.0,92.0,95.0,46.82,False,35.8
account_00000183,2025-07-01,69.08,watch,56.25,90.0,95.0,56.39,False,35.8
account_00000183,2025-08-01,65.79,watch,50.0,92.0,95.0,53.28,False,35.8
account_00000183,2025-09-01,69.89,watch,56.0,92.0,95.0,60.59,False,35.8
account_00000183,2025-10-01,64.53,watch,53.0,92.0,95.0,34.9,False,35.8
account_00000183,2025-11-01,63.19,watch,50.0,92.0,95.0,35.91,False,35.8
account_00000183,2025-12-01,64.32,watch,50.75,92.0,95.0,40.98,False,35.8
account_00000183,2026-01-01,59.27,at_risk,47.25,82.0,95.0,28.94,True,35.8
account_00000183,2026-02-01,68.77,watch,53.0,92.0,95.0,63.11,False,35.8
account_00000183,2026-03-01,57.88,at_risk,50.0,62.0,95.0,30.56,True,35.8
account_00000183,2026-04-01,65.0,watch,50.5,92.0,95.0,46.33,False,35.8
account_00000183,2026-05-01,76.01,healthy,75.0,92.0,95.0,38.09,False,35.8
account_00000183,2026-06-01,77.44,healthy,78.5,92.0,95.0,35.94,False,35.8
account_00000184,2025-07-01,74.38,watch,63.7,92.0,95.0,64.88,False,914.51
account_00000184,2025-08-01,70.68,watch,65.83,92.0,95.0,33.09,False,914.51
account_00000184,2025-09-01,76.23,healthy,72.7,92.0,95.0,47.17,False,1242.87
account_00000184,2025-10-01,78.61,healthy,72.7,92.0,95.0,63.03,False,1242.87
account_00000184,2025-11-01,77.69,healthy,69.7,92.0,95.0,66.93,False,1242.87
account_00000184,2025-12-01,80.92,healthy,72.7,92.0,95.0,78.45,False,1511.9699999999998
account_00000184,2026-01-01,76.6,healthy,69.7,92.0,95.0,59.66,False,1511.9699999999998
account_00000184,2026-02-01,75.38,healthy,69.7,92.0,95.0,51.54,False,1592.07
account_00000184,2026-03-01,65.6,watch,63.7,66.0,95.0,32.32,False,1592.07
account_00000184,2026-04-01,73.02,watch,66.7,90.0,95.0,47.79,False,1592.07
account_00000184,2026-05-01,77.69,healthy,69.7,92.0,95.0,66.94,False,1592.07
account_00000184,2026-06-01,83.28,healthy,72.7,92.0,95.0,94.19,False,1592.07
account_00000192,2025-02-01,73.63,watch,71.5,92.0,95.0,33.87,False,236.98
account_00000192,2025-03-01,71.36,watch,65.0,92.0,95.0,40.42,False,236.98
account_00000192,2025-04-01,72.44,watch,62.5,92.0,95.0,55.97,False,236.98
account_00000192,2025-05-01,71.24,watch,64.5,92.0,95.0,41.26,False,236.98
account_00000192,2025-06-01,83.01,healthy,82.75,92.0,95.0,58.9,False,236.98
account_00000192,2025-07-01,73.46,watch,67.91,92.0,95.0,44.67,False,236.98
account_00000192,2025-08-01,78.21,healthy,78.84,92.0,95.0,39.93,False,236.98
account_00000192,2025-09-01,81.88,healthy,76.34,92.0,95.0,72.75,False,236.98
account_00000192,2025-10-01,78.64,healthy,74.34,92.0,95.0,57.83,False,236.98
account_00000192,2025-11-01,72.68,watch,64.25,92.0,95.0,51.69,False,236.98
account_00000192,2025-12-01,80.46,healthy,80.34,92.0,95.0,49.93,False,236.98
account_00000192,2026-01-01,77.2,healthy,73.0,92.0,95.0,52.66,False,236.98
account_00000192,2026-02-01,79.56,healthy,76.09,90.0,95.0,60.1,False,236.98
account_00000192,2026-03-01,72.59,watch,67.16,82.0,95.0,51.35,False,236.98
account_00000192,2026-04-01,72.64,watch,65.16,92.0,95.0,48.4,False,236.98
account_00000192,2026-05-01,75.3,healthy,76.34,92.0,95.0,28.88,False,236.98
account_00000192,2026-06-01,74.81,watch,71.75,86.0,95.0,46.91,False,236.98
account_00000197,2026-06-01,79.9,healthy,78.25,92.0,95.0,53.15,False,35.8
account_00000204,2025-10-01,58.41,at_risk,41.98,92.0,95.0,30.81,True,13213.17
account_00000204,2025-11-01,62.12,watch,38.98,92.0,95.0,65.52,False,13213.17
account_00000204,2025-12-01,62.25,watch,41.98,90.0,95.0,58.39,False,13213.17
account_00000204,2026-01-01,61.24,at_risk,38.98,92.0,95.0,59.67,True,13213.17
account_00000204,2026-02-01,61.86,at_risk,38.98,92.0,95.0,63.76,True,13482.27
account_00000204,2026-03-01,64.72,watch,41.52,92.0,95.0,74.37,False,15903.48
account_00000204,2026-04-01,63.5,watch,41.52,92.0,95.0,66.25,False,15903.48
account_00000204,2026-05-01,59.16,at_risk,41.07,92.0,95.0,38.81,True,19365.59
account_00000204,2026-06-01,59.13,at_risk,38.07,86.0,95.0,54.64,True,19365.59
account_00000205,2026-05-01,78.82,healthy,75.5,92.0,95.0,55.12,False,40.86
account_00000205,2026-06-01,78.53,healthy,78.25,92.0,95.0,44.01,False,40.86
account_00000206,2026-02-01,74.76,watch,69.66,92.0,95.0,47.55,False,619.92
account_00000206,2026-03-01,75.99,healthy,74.34,92.0,95.0,40.18,False,619.92
account_00000206,2026-04-01,78.39,healthy,72.66,92.0,95.0,61.74,False,619.92
account_00000206,2026-05-01,71.19,watch,64.66,92.0,95.0,40.38,False,619.92
account_00000206,2026-06-01,70.65,watch,68.0,86.0,95.0,31.65,False,619.92
account_00000207,2025-05-01,73.77,watch,63.61,92.0,95.0,61.09,False,1841.18
account_00000207,2025-06-01,68.06,watch,54.61,92.0,95.0,53.05,False,1841.18
account_00000207,2025-07-01,69.82,watch,60.61,78.0,95.0,58.78,False,1841.18
account_00000207,2025-08-01,73.54,watch,60.61,92.0,95.0,69.61,False,1841.18
account_00000207,2025-09-01,70.0,watch,54.61,92.0,95.0,65.99,False,1841.18
account_00000207,2025-10-01,68.73,watch,57.61,92.0,95.0,47.55,False,1841.18
account_00000207,2025-11-01,68.74,watch,54.61,92.0,95.0,57.6,False,2096.32
account_00000207,2025-12-01,69.36,watch,57.61,92.0,95.0,51.71,False,2096.32
account_00000207,2026-01-01,75.7,healthy,63.61,92.0,95.0,73.95,False,2096.32
account_00000207,2026-02-01,66.26,watch,54.61,92.0,95.0,41.08,False,2096.32
account_00000207,2026-03-01,71.5,watch,60.61,92.0,95.0,55.98,False,2096.32
account_00000207,2026-04-01,73.35,watch,63.61,92.0,95.0,58.33,False,2096.32
account_00000207,2026-05-01,73.83,watch,63.61,92.0,95.0,61.54,False,2096.32
account_00000207,2026-06-01,69.08,watch,60.61,90.0,95.0,41.82,False,2096.32
account_00000208,2025-04-01,75.66,healthy,61.72,90.0,95.0,82.04,False,143.52
account_00000208,2025-05-01,70.95,watch,61.22,92.0,95.0,50.27,False,143.52
account_00000208,2025-06-01,69.05,watch,49.68,92.0,95.0,76.08,False,143.52
account_00000208,2025-07-01,75.7,healthy,64.72,92.0,95.0,70.31,False,143.52
account_00000208,2025-08-01,67.67,watch,58.47,92.0,95.0,37.57,False,143.52
account_00000208,2025-09-01,77.13,healthy,70.6,92.0,95.0,60.21,False,143.52
account_00000208,2025-10-01,72.25,watch,61.22,90.0,95.0,60.98,False,143.52
account_00000208,2025-11-01,68.65,watch,57.32,92.0,95.0,47.94,False,143.52
account_00000208,2025-12-01,71.44,watch,61.32,92.0,95.0,53.23,False,143.52
account_00000208,2026-01-01,70.46,watch,53.57,92.0,95.0,72.52,False,143.52
account_00000208,2026-02-01,67.94,watch,56.32,92.0,95.0,46.55,False,143.52
account_00000208,2026-03-01,75.64,healthy,64.72,92.0,95.0,69.91,False,143.52
account_00000208,2026-04-01,68.61,watch,60.32,92.0,95.0,37.66,False,143.52
account_00000208,2026-05-01,70.56,watch,57.07,92.0,95.0,61.48,False,143.52
account_00000208,2026-06-01,69.86,watch,54.32,92.0,95.0,66.0,False,143.52
account_00000213,2026-06-01,68.91,watch,55.45,92.0,95.0,55.91,False,1517.92
account_00000221,2025-10-01,73.16,watch,65.84,92.0,95.0,49.6,False,323.24
account_00000221,2025-11-01,71.41,watch,59.95,92.0,95.0,57.6,False,323.24
account_00000221,2025-12-01,72.68,watch,61.83,92.0,95.0,59.77,False,323.24
account_00000221,2026-01-01,77.62,healthy,72.6,92.0,95.0,56.78,False,323.24
account_00000221,2026-02-01,72.27,watch,61.2,92.0,95.0,59.13,False,323.24
account_00000221,2026-03-01,71.68,watch,61.71,92.0,95.0,53.51,False,323.24
account_00000221,2026-04-01,73.52,watch,66.71,92.0,95.0,49.08,False,323.24
account_00000221,2026-05-01,72.04,watch,65.3,92.0,95.0,43.92,False,289.59
account_00000221,2026-06-01,73.29,watch,69.17,86.0,95.0,45.36,False,289.59
account_00000222,2025-02-01,83.25,healthy,81.69,92.0,95.0,64.07,False,1051.0
account_00000222,2025-03-01,73.74,watch,72.59,92.0,89.0,38.95,False,1051.0
account_00000222,2025-04-01,82.15,healthy,75.78,92.0,95.0,76.45,False,1222.56
account_00000222,2025-05-01,75.51,healthy,73.5,92.0,95.0,39.73,False,1222.56
account_00000222,2025-06-01,77.42,healthy,74.64,92.0,95.0,48.7,False,1222.56
account_00000222,2025-07-01,79.98,healthy,72.78,92.0,95.0,71.95,False,1420.56
account_00000222,2025-08-01,80.28,healthy,78.78,92.0,95.0,53.95,False,1819.56
account_00000222,2025-09-01,81.99,healthy,78.78,90.0,95.0,67.35,False,1819.56
account_00000222,2025-10-01,81.52,healthy,81.78,92.0,95.0,52.22,False,1819.56
account_00000222,2025-11-01,82.16,healthy,81.78,92.0,95.0,56.51,False,1819.56
account_00000222,2025-12-01,80.27,healthy,73.09,92.0,95.0,72.83,False,1819.56
account_00000222,2026-01-01,80.13,healthy,76.5,92.0,95.0,60.57,False,1819.56
account_00000222,2026-02-01,79.66,healthy,76.5,92.0,95.0,57.4,False,1819.56
account_00000222,2026-03-01,81.66,healthy,80.64,92.0,95.0,56.98,False,1819.56
account_00000222,2026-04-01,80.73,healthy,78.78,92.0,95.0,56.96,False,1819.56
account_00000222,2026-05-01,78.91,healthy,75.78,92.0,95.0,54.85,False,1819.56
account_00000222,2026-06-01,81.91,healthy,75.78,92.0,95.0,74.81,False,1819.56
account_00000228,2025-04-01,65.81,watch,55.84,92.0,89.0,41.92,False,106.92
account_00000228,2025-05-01,69.29,watch,61.34,92.0,95.0,38.82,False,106.92
account_00000228,2025-06-01,67.98,watch,55.34,92.0,95.0,50.08,False,106.92
account_00000228,2025-07-01,68.78,watch,55.34,92.0,95.0,55.43,False,106.92
account_00000228,2025-08-01,68.67,watch,61.84,92.0,95.0,33.02,False,106.92
account_00000228,2025-09-01,69.48,watch,58.34,92.0,95.0,50.07,False,106.92
account_00000228,2025-10-01,70.65,watch,61.84,92.0,95.0,46.24,False,106.92
account_00000228,2025-11-01,69.89,watch,61.34,92.0,95.0,42.79,False,106.92
account_00000228,2025-12-01,69.04,watch,58.34,82.0,95.0,57.18,False,106.92
account_00000228,2026-01-01,67.94,watch,55.34,92.0,95.0,49.82,False,106.92
account_00000228,2026-02-01,67.94,watch,56.0,92.0,95.0,47.61,False,106.92
account_00000228,2026-03-01,65.53,watch,50.0,82.0,95.0,61.56,False,106.92
account_00000228,2026-04-01,63.29,watch,50.0,86.0,95.0,42.63,False,106.92
account_00000228,2026-05-01,63.09,watch,50.0,92.0,95.0,35.3,False,106.92
account_00000228,2026-06-01,74.87,watch,75.0,92.0,95.0,30.47,False,106.92
account_00000229,2024-05-01,74.81,watch,58.25,92.0,95.0,85.88,False,53.55
account_00000229,2024-06-01,69.12,watch,56.0,92.0,95.0,55.49,False,53.55
account_00000229,2024-07-01,71.14,watch,58.0,92.0,95.0,62.28,False,53.55
account_00000229,2024-08-01,66.62,watch,55.25,92.0,95.0,41.29,False,53.55
account_00000229,2024-09-01,70.55,watch,55.5,92.0,95.0,66.66,False,53.55
account_00000229,2024-10-01,71.29,watch,55.25,92.0,95.0,72.45,False,53.55
account_00000229,2024-11-01,73.27,watch,61.5,92.0,95.0,64.81,False,53.55
account_00000229,2024-12-01,66.72,watch,52.5,92.0,95.0,51.13,False,53.55
account_00000229,2025-01-01,66.46,watch,46.0,92.0,95.0,71.08,False,53.55
account_00000229,2025-02-01,63.67,watch,45.0,92.0,95.0,55.8,False,53.55
account_00000229,2025-03-01,71.86,watch,58.5,92.0,95.0,65.37,False,53.55
account_00000229,2025-04-01,72.33,watch,60.0,92.0,95.0,63.51,False,46.82
account_00000229,2025-05-01,75.51,healthy,66.0,92.0,95.0,64.7,False,46.82
account_00000229,2025-06-01,72.07,watch,62.5,92.0,95.0,53.46,False,46.82
account_00000229,2025-07-01,72.32,watch,53.0,92.0,95.0,86.83,False,46.82
account_00000229,2025-08-01,73.77,watch,60.5,92.0,95.0,71.45,False,46.82
account_00000229,2025-09-01,74.02,watch,65.5,92.0,95.0,56.49,False,46.82
account_00000229,2025-10-01,73.76,watch,62.75,92.0,95.0,63.92,False,46.82
account_00000229,2025-11-01,73.66,watch,65.5,86.0,95.0,60.05,False,46.82
account_00000229,2025-12-01,74.53,watch,59.5,92.0,95.0,79.86,False,46.82
account_00000229,2026-01-01,71.53,watch,59.5,92.0,95.0,59.86,False,46.82
account_00000229,2026-02-01,69.86,watch,53.0,92.0,95.0,70.41,False,46.82
account_00000229,2026-03-01,73.12,watch,65.5,92.0,95.0,50.45,False,46.82
account_00000229,2026-04-01,75.92,healthy,68.75,92.0,95.0,58.28,False,46.82
account_00000229,2026-05-01,71.82,watch,65.75,82.0,95.0,50.97,False,46.82
account_00000229,2026-06-01,73.83,watch,59.5,92.0,95.0,75.2,False,46.82
account_00000230,2026-04-01,67.78,watch,50.0,92.0,95.0,66.55,False,35.8
account_00000230,2026-05-01,68.21,watch,56.25,92.0,95.0,48.58,False,35.8
account_00000230,2026-06-01,66.06,watch,47.0,92.0,95.0,65.09,False,35.8
account_00000234,2024-09-01,69.96,watch,60.45,92.0,95.0,46.24,False,1003.96
account_00000234,2024-10-01,75.97,healthy,71.41,92.0,95.0,49.75,False,1003.96
account_00000234,2024-11-01,74.31,watch,65.36,92.0,95.0,58.85,False,1003.96
account_00000234,2024-12-01,74.01,watch,65.47,92.0,95.0,56.47,False,1003.96
account_00000234,2025-01-01,78.58,healthy,73.31,92.0,95.0,60.79,False,1003.96
account_00000234,2025-02-01,76.56,healthy,69.34,92.0,95.0,60.59,False,819.28
account_00000234,2025-03-01,74.41,watch,59.76,92.0,95.0,78.19,False,819.28
account_00000234,2025-04-01,80.39,healthy,75.91,92.0,95.0,64.27,False,819.28
account_00000234,2025-05-01,77.18,healthy,70.53,90.0,95.0,62.76,False,819.28
account_00000234,2025-06-01,82.19,healthy,78.28,92.0,95.0,68.29,False,819.28
account_00000234,2025-07-01,76.7,healthy,73.53,92.0,95.0,47.57,False,819.28
account_00000234,2025-08-01,76.58,healthy,71.72,92.0,95.0,52.84,False,819.28
account_00000234,2025-09-01,78.18,healthy,71.72,92.0,95.0,63.46,False,819.28
account_00000234,2025-10-01,76.71,healthy,69.77,92.0,95.0,60.19,False,707.53
account_00000234,2025-11-01,76.2,healthy,72.7,92.0,95.0,46.97,False,707.53
account_00000234,2025-12-01,78.42,healthy,72.77,92.0,95.0,61.59,False,707.53
account_00000234,2026-01-01,73.08,watch,71.3,62.0,95.0,60.85,False,707.53
account_00000234,2026-02-01,82.19,healthy,77.23,92.0,95.0,71.81,False,707.53
account_00000234,2026-03-01,78.91,healthy,71.3,90.0,95.0,71.77,False,707.53
account_00000234,2026-04-01,78.96,healthy,84.59,92.0,95.0,25.76,False,707.53
account_00000234,2026-05-01,79.92,healthy,72.7,92.0,95.0,71.76,False,707.53
account_00000234,2026-06-01,75.15,healthy,71.3,92.0,95.0,44.65,False,707.53
account_00000244,2024-09-01,72.57,watch,66.53,86.0,95.0,49.37,False,210.33
account_00000244,2024-10-01,75.5,healthy,67.53,92.0,95.0,59.54,False,210.33
account_00000244,2024-11-01,68.94,watch,51.25,92.0,95.0,70.1,False,210.33
account_00000244,2024-12-01,73.64,watch,62.72,92.0,95.0,63.21,False,210.33
account_00000244,2025-01-01,75.17,healthy,64.97,92.0,95.0,65.89,False,210.33
account_00000244,2025-02-01,75.75,healthy,71.1,92.0,95.0,49.31,False,210.33
account_00000244,2025-03-01,75.08,healthy,65.72,92.0,95.0,62.85,False,210.33
account_00000244,2025-04-01,78.05,healthy,72.72,92.0,95.0,59.3,False,210.33
account_00000244,2025-05-01,75.86,healthy,64.47,92.0,95.0,72.21,False,210.33
account_00000244,2025-06-01,78.66,healthy,78.6,92.0,95.0,43.72,False,210.33
account_00000244,2025-07-01,79.12,healthy,72.28,92.0,95.0,67.87,False,210.33
account_00000244,2025-08-01,80.31,healthy,74.78,92.0,95.0,67.48,False,210.33
account_00000244,2025-09-01,72.18,watch,68.28,92.0,95.0,34.94,False,210.33
account_00000244,2025-10-01,74.97,watch,72.85,92.0,95.0,38.28,False,210.33
account_00000244,2025-11-01,76.37,healthy,72.78,92.0,95.0,47.87,False,210.33
account_00000244,2025-12-01,78.61,healthy,70.28,92.0,95.0,71.11,False,210.33
account_00000244,2026-01-01,74.98,watch,65.97,92.0,95.0,61.3,False,210.33
account_00000244,2026-02-01,76.17,healthy,63.22,92.0,95.0,78.4,False,210.33
account_00000244,2026-03-01,74.77,watch,68.75,92.0,95.0,50.66,False,259.13
account_00000244,2026-04-01,70.55,watch,61.5,92.0,95.0,46.65,False,259.13
account_00000244,2026-05-01,75.74,healthy,64.25,92.0,95.0,72.12,False,259.13
account_00000244,2026-06-01,78.0,healthy,71.25,92.0,95.0,63.85,False,259.13
account_00000245,2026-05-01,68.93,watch,53.75,92.0,95.0,61.73,False,166.65
account_00000245,2026-06-01,70.52,watch,60.09,92.0,95.0,51.21,False,150.33
account_00000247,2026-04-01,67.38,watch,54.0,92.0,95.0,50.54,False,104.5
account_00000247,2026-05-01,71.58,watch,56.09,92.0,95.0,71.6,False,463.6
account_00000247,2026-06-01,63.38,watch,53.25,92.0,95.0,26.34,False,687.7
